transaction_id,customer_id,merchant_id,device_id,ip_id,payment_instrument_id,amount,timestamp,location,payment_method,account_age_days,customer_avg_amount,fraud_label,fraud_pattern,merchant_category
txn_f122d41303,cust_6ef71914fa,merch_4fce905382,dev_d0863b367e,ip_2233fcc1bb,pmt_3974130346,148.60,2025-12-31T18:31:17+00:00,Chandigarh,card,133,100.00,0,,utilities
txn_2929b3c2b9,cust_67957612ba,merch_993b9e2f43,dev_bf6eaaa640,ip_383622bc3f,pmt_027a31d703,379.35,2025-12-31T18:32:56+00:00,Jaipur,upi,1127,381.50,0,,utilities
txn_f88249be4a,cust_a1eb5db468,merch_eb9d5ebaf4,dev_e39c67b8d9,ip_60fe5fbfcb,pmt_1f50d7c5d0,897.88,2025-12-31T18:36:12+00:00,Pune,upi,1934,834.47,0,,electronics
txn_aaa70904ba,cust_fa05a06268,merch_9bfdc3e901,dev_10c3ef816f,ip_ba907ee3c2,pmt_93a102c9db,205.89,2025-12-31T18:42:54+00:00,Delhi,netbanking,29,211.70,0,,grocery
txn_31a65beaca,cust_119e222158,merch_76949dba68,dev_1d0c25bc98,ip_b7505c5fc6,pmt_ed072329f0,685.51,2025-12-31T18:46:59+00:00,Hyderabad,wallet,111,774.40,0,,entertainment
txn_f7c15d1a22,cust_e57d723bca,merch_b2b5b5932b,dev_4bae048b22,ip_6ff47a6956,pmt_a305d56a79,1434.94,2025-12-31T18:50:04+00:00,Chennai,upi,176,708.64,0,,travel
txn_85ed23221c,cust_24028c07c5,merch_08cb85e737,dev_ce31bc804b,ip_c247da6f67,pmt_d4eddef94a,900.49,2025-12-31T18:58:52+00:00,Kolkata,wallet,23,687.15,0,,electronics
txn_a14c2fb786,cust_99536a5a6a,merch_6b13b81417,dev_5de2452f66,ip_4146982181,pmt_869554439f,1518.13,2025-12-31T19:23:51+00:00,Mumbai,upi,16,1335.41,0,,jewelry
txn_e3bfefab2a,cust_dadd161ec4,merch_f82df4effe,dev_c5215b5f11,ip_52d1d236e9,pmt_7da646c08c,360.54,2025-12-31T19:35:05+00:00,Hyderabad,upi,147,770.63,0,,entertainment
txn_1e6fd0a384,cust_595e17f726,merch_5d7550a442,dev_84eda80ca5,ip_8f3b80f642,pmt_b5f5277ad8,552.10,2025-12-31T19:36:03+00:00,Kochi,wallet,146,703.75,0,,utilities
txn_c2edaf6ba1,cust_42f5a10d6f,merch_b588adf2cf,dev_8cfc5a6cd9,ip_f22cdf3698,pmt_8c2e269b1c,680.30,2025-12-31T19:41:26+00:00,Kolkata,netbanking,252,795.96,0,,fashion
txn_b6d6d5bb67,cust_ef0f85a103,merch_4fce905382,dev_9feae5e115,ip_189597ce0d,pmt_06bb5548d0,263.17,2025-12-31T19:56:06+00:00,Delhi,netbanking,564,533.06,0,,utilities
txn_d46de3fa56,cust_7567e0600e,merch_13c4d99849,dev_316e2d61ca,ip_775be29331,pmt_ff8cde0816,2250.38,2025-12-31T20:05:00+00:00,Kolkata,wallet,1061,1504.78,0,,fashion
txn_8822e5d21d,cust_56a3b36aa4,merch_153644e3cb,dev_902ad8a084,ip_4c2d753b84,pmt_98207ee36d,137.58,2025-12-31T20:05:15+00:00,Kolkata,upi,220,176.18,0,,travel
txn_59b412eddd,cust_da344d9344,merch_25dcc81629,dev_a5a617763b,ip_3470ca3827,pmt_6fa08bb15e,879.20,2025-12-31T20:18:44+00:00,Hyderabad,upi,112,757.66,0,,electronics
txn_b4c8317185,cust_df205aa7de,merch_6836db54d7,dev_f4dabe07eb,ip_bb3e0cfc41,pmt_fbf8768819,1160.61,2025-12-31T20:50:58+00:00,Pune,netbanking,4,1188.76,0,,fuel
txn_bfeadf5e54,cust_a48927effc,merch_a4649a3467,dev_2a77f0d089,ip_f390b525d5,pmt_908b2fedc1,634.79,2025-12-31T20:58:13+00:00,Kochi,wallet,105,684.61,0,,fuel
txn_04bd135aa7,cust_d885a3a08c,merch_50552bde41,dev_fc95f08d35,ip_776c6bb56f,pmt_e35a65fbd3,957.39,2025-12-31T21:03:25+00:00,Chennai,netbanking,578,474.91,0,,food_delivery
txn_e52b3dd441,cust_3df98002bc,merch_72bd418f58,dev_7758e5d67e,ip_7c86918abe,pmt_81442d1424,2615.95,2025-12-31T21:05:24+00:00,Kochi,upi,174,1149.97,0,,electronics
txn_a75c271571,cust_5ab7b9e9e3,merch_d651e12a02,dev_0203d8822f,ip_6e16137b93,pmt_2b3747687f,6817.81,2025-12-31T21:29:52+00:00,Jaipur,upi,169,1246.97,1,,fashion
txn_6a5ab939e5,cust_0dee048257,merch_c22268fdce,dev_7e49a7c4f1,ip_ba97a98843,pmt_c2f407a8f3,1357.88,2025-12-31T21:32:34+00:00,Hyderabad,upi,287,1156.97,0,,utilities
txn_e2c02ac10d,cust_a57824a173,merch_6f6cfb25aa,dev_e414efbb56,ip_afc5636fbb,pmt_e852b76055,1014.79,2025-12-31T21:40:47+00:00,Kolkata,card,31,968.17,0,,entertainment
txn_28d5a71223,cust_79bc6f1092,merch_29b7c55611,dev_c604ad4547,ip_342cb3c9bc,pmt_83edfdb4c1,8000.00,2025-12-31T21:44:43+00:00,Ahmedabad,upi,0,396.09,1,,fuel
txn_2cb6d6b52c,cust_bb056b82a6,merch_d651e12a02,dev_dc0a5868ae,ip_3ea3ebf3f1,pmt_082ecf92ba,756.18,2025-12-31T21:58:57+00:00,Kochi,netbanking,107,781.04,0,,fashion
txn_f1aa5046d5,cust_ad754c4df8,merch_8d74118aac,dev_694379ea6b,ip_20be08f884,pmt_7e2106cea9,475.60,2025-12-31T22:00:33+00:00,Chandigarh,card,748,546.47,0,,travel
txn_df7db2b0a4,cust_70e80b3146,merch_50552bde41,dev_f1a3fbb932,ip_aa6cb91260,pmt_97ac4e90fb,3320.57,2025-12-31T22:08:12+00:00,Delhi,netbanking,754,2009.08,0,,food_delivery
txn_899ec1a297,cust_9c44cd8eaf,merch_149267c045,dev_6b8d058822,ip_252ed12a1e,pmt_9792c2beff,1784.88,2025-12-31T22:14:26+00:00,Chandigarh,wallet,429,1641.55,0,,travel
txn_219821e531,cust_6a25c889c6,merch_86cc286a56,dev_e18bb4b62a,ip_e914b9318e,pmt_767d2aed1f,188.29,2025-12-31T22:20:38+00:00,Ahmedabad,wallet,209,268.96,0,,fashion
txn_2b74d4f472,cust_7532180f06,merch_48ebb81d43,dev_1563ad7645,ip_08d484f93a,pmt_3491b7a27b,144.33,2025-12-31T22:25:28+00:00,Delhi,netbanking,940,209.93,0,,pharmacy
txn_a55fe2b93b,cust_e2ba4530be,merch_3c23fe8cfe,dev_909c87bd52,ip_22d791b280,pmt_88479d2998,471.88,2025-12-31T22:30:15+00:00,Kolkata,card,1817,462.76,0,,fashion
txn_4a83b0307f,cust_6fc26bc538,merch_3b8ab97346,dev_3cf84269d4,ip_0d2c7c6f82,pmt_771c50d69a,2796.79,2025-12-31T22:52:32+00:00,Delhi,netbanking,202,1806.04,0,,entertainment
txn_6fe3a2de98,cust_9d80bbda38,merch_3195323114,dev_f632c48d96,ip_383965e16a,pmt_a45611440e,1936.63,2025-12-31T22:58:54+00:00,Bengaluru,wallet,694,1711.49,0,,grocery
txn_56ef4ae964,cust_7030edbbe7,merch_966aed08f2,dev_23cf2a663d,ip_033f7ff40d,pmt_0bcc3b4cf5,1136.97,2025-12-31T23:07:18+00:00,Delhi,card,175,1258.73,0,,grocery
txn_29a6b8a6d3,cust_634823b4de,merch_09a38eb2da,dev_fa91a9a3e3,ip_eaaac560c9,pmt_e7d11de0ab,544.02,2025-12-31T23:21:43+00:00,Chandigarh,upi,420,431.05,0,,travel
txn_b2178b8a7e,cust_011b3a1aca,merch_25dcc81629,dev_65abd1098c,ip_7b908ebd92,pmt_f1c2935f8e,347.49,2025-12-31T23:25:02+00:00,Lucknow,upi,78,501.44,0,,electronics
txn_ab432caf62,cust_29bd819d32,merch_0e78f7bcdf,dev_7985121298,ip_21cd606c10,pmt_d51e182b55,1389.30,2025-12-31T23:36:15+00:00,Jaipur,card,3094,1026.86,0,,fashion
txn_dfe905529e,cust_973f3fb97f,merch_4cfa6dbbd7,dev_30809f2f50,ip_56036b7ec8,pmt_3ad42c6a79,254.11,2025-12-31T23:51:13+00:00,Jaipur,netbanking,37,339.94,0,,travel
txn_e93cf09871,cust_ecd52d7ec4,merch_acb8176511,dev_ce1e5d40ee,ip_0457591df7,pmt_2927b022d0,691.12,2025-12-31T23:53:56+00:00,Pune,netbanking,106,449.20,0,,travel
txn_1dcb73f661,cust_b3a2399852,merch_7019fa8b8c,dev_8c2759cfcc,ip_385c79cec0,pmt_318b4901bc,385.09,2026-01-01T00:01:26+00:00,Jaipur,netbanking,193,874.21,0,,pharmacy
txn_2d3287f792,cust_aa1a549c53,merch_c2fb29e3be,dev_010bc1fdd0,ip_7c822e64fb,pmt_d7f4e40764,834.00,2026-01-01T00:03:54+00:00,Kochi,wallet,1234,689.63,0,,jewelry
txn_8caa9119b7,cust_e9309274a7,merch_5fef0ffeb1,dev_bb1a837cde,ip_91403142c9,pmt_ce999f6de0,9820.58,2026-01-01T00:15:58+00:00,Jaipur,wallet,285,2396.27,0,,utilities
txn_f65f29e82f,cust_a5fd3129a0,merch_3b8ab97346,dev_c14063a411,ip_959b94b51f,pmt_7196ce7d7a,1628.39,2026-01-01T00:58:33+00:00,Pune,wallet,1159,2816.53,0,,entertainment
txn_f21816d5b9,cust_912bfbaa49,merch_dec5f39188,dev_24a47dd6c5,ip_3508520aec,pmt_ed5d26b7b6,1559.42,2026-01-01T00:59:51+00:00,Bengaluru,card,194,790.69,0,,utilities
txn_4f05923441,cust_e79244739c,merch_4fce905382,dev_614b72e6a6,ip_e78123c3e0,pmt_9a3c2864c1,1520.46,2026-01-01T01:02:34+00:00,Delhi,upi,405,1595.22,0,,utilities
txn_41a8a32bc8,cust_898454d72d,merch_eb9d5ebaf4,dev_26b8ebbda7,ip_1d4116407e,pmt_e88c4dabd1,376.77,2026-01-01T01:09:43+00:00,Pune,netbanking,1660,903.57,0,,electronics
txn_e8755bb056,cust_aaff31c35a,merch_affbcbf6fb,dev_026d5f0434,ip_8f78908a07,pmt_893a834365,180.30,2026-01-01T01:42:32+00:00,Kochi,wallet,962,321.18,0,,travel
txn_f81e4dd19d,cust_d38ffd8670,merch_dc3f7ac002,dev_3ecde4d1c7,ip_db8e810fde,pmt_da9f385e42,123.77,2026-01-01T02:12:10+00:00,Ahmedabad,wallet,371,128.89,0,,entertainment
txn_9a8c94429a,cust_9889ae171e,merch_0018ded378,dev_971710f325,ip_4af69145ca,pmt_5f7d9f2ae5,823.98,2026-01-01T02:25:21+00:00,Chandigarh,card,428,742.53,0,,pharmacy
txn_3576829789,cust_ac57376f63,merch_98e81e8358,dev_c5298176c3,ip_dad1a921fe,pmt_be33aa49ec,561.83,2026-01-01T02:36:22+00:00,Hyderabad,netbanking,123,518.94,0,,jewelry
txn_6df207bce2,cust_573fcd61e6,merch_e913595253,dev_ed43e0a5c7,ip_70d02adf87,pmt_745d28ab34,858.34,2026-01-01T02:39:38+00:00,Kochi,card,127,430.80,0,,pharmacy
txn_5a7e7e23fa,cust_01163525a3,merch_4096571ef3,dev_b53d94c836,ip_93d91fb21a,pmt_e5abe3833b,452.48,2026-01-01T02:45:41+00:00,Pune,upi,390,409.12,0,,entertainment
txn_291582ee40,cust_cf90f7fec6,merch_400d8b41e8,dev_624d579b92,ip_858f84406c,pmt_2febea4da4,2802.83,2026-01-01T02:51:49+00:00,Bengaluru,wallet,1449,1780.47,0,,jewelry
txn_20d98b43ce,cust_b872acbeaa,merch_f82df4effe,dev_dd7a6680f1,ip_b2a9b90e53,pmt_a12c405db7,218.86,2026-01-01T03:00:58+00:00,Chandigarh,card,431,306.71,0,,entertainment
txn_32fd0d728c,cust_ce93549607,merch_dc3f7ac002,dev_eb2728a938,ip_a8c1265c5b,pmt_203b650ce1,484.64,2026-01-01T03:01:21+00:00,Ahmedabad,wallet,57,460.10,0,,entertainment
txn_5ac2913d88,cust_a88be85a0e,merch_b588adf2cf,dev_f45a196e67,ip_1424fc9e4d,pmt_e51bdad7f2,901.26,2026-01-01T03:05:42+00:00,Mumbai,netbanking,1237,1024.64,0,,fashion
txn_6d4d6ca3f5,cust_73b5ca2577,merch_f810bf5b6d,dev_6fdd0bede4,ip_52e3dccd36,pmt_331e5f5605,438.59,2026-01-01T03:06:21+00:00,Chennai,upi,573,523.41,0,,food_delivery
txn_04d0e56641,cust_1fccc1ef96,merch_48ebb81d43,dev_48cd8f4e6d,ip_a13024931c,pmt_3016ccc35b,693.44,2026-01-01T03:18:31+00:00,Delhi,netbanking,88,560.75,0,,pharmacy
txn_a1c1a74876,cust_7e5e47d993,merch_f944312123,dev_c1504e2e72,ip_9acde62b6d,pmt_992c767590,1124.10,2026-01-01T03:22:02+00:00,Lucknow,upi,416,906.62,0,,fuel
txn_131cba92bc,cust_7bd8c2cc5a,merch_acb8176511,dev_06a1b83f9a,ip_c9369d0ef1,pmt_de8c5b2309,3707.95,2026-01-01T03:31:18+00:00,Mumbai,wallet,847,4615.64,0,,travel
txn_285528eebd,cust_1ef61de977,merch_7019fa8b8c,dev_673ff4ac7e,ip_26823ddc9e,pmt_bf78ae8270,2713.31,2026-01-01T04:00:42+00:00,Lucknow,netbanking,25,1402.74,0,,pharmacy
txn_bf48ccd137,cust_0552931a90,merch_acb8176511,dev_8208c2096c,ip_48e3c0355d,pmt_2ecd9447c5,168.20,2026-01-01T04:11:26+00:00,Pune,netbanking,153,382.67,0,,travel
txn_3d0c887597,cust_a4a52a9901,merch_74fde6fdcd,dev_3cbb88f0d5,ip_ceaaabbc35,pmt_1b7da13a71,290.92,2026-01-01T04:27:10+00:00,Bengaluru,netbanking,196,349.12,0,,pharmacy
txn_1d931b3789,cust_2c5219d01c,merch_affbcbf6fb,dev_16e0cf953b,ip_0f0bae5485,pmt_bdb5aecc00,183.16,2026-01-01T04:31:39+00:00,Kolkata,wallet,143,129.86,0,,travel
txn_6ee7b2392f,cust_08bb048281,merch_84cc6f6607,dev_f76e6aba44,ip_d73d2a8061,pmt_3c8743257e,1028.42,2026-01-01T04:34:41+00:00,Delhi,netbanking,657,569.32,0,,fuel
txn_319a2e74d3,cust_3485b2b426,merch_d5b415c871,dev_5d6d7ead85,ip_040713d60a,pmt_357aa767bc,1073.58,2026-01-01T04:53:01+00:00,Chennai,upi,671,645.56,0,,pharmacy
txn_311e36ffd9,cust_f2f046a57c,merch_4fce905382,dev_84b97da734,ip_d8f28c8923,pmt_d2de1cd560,1108.01,2026-01-01T04:56:17+00:00,Kochi,card,164,697.35,0,,utilities
txn_5f06c37060,cust_d723a18622,merch_f944312123,dev_2d686a8f18,ip_991e328e6b,pmt_afb0764500,1301.44,2026-01-01T04:56:49+00:00,Mumbai,wallet,867,1201.19,0,,fuel
txn_cf408fb2f5,cust_9ee55b9409,merch_2a53c49e2e,dev_67b3c51a6d,ip_e6f80a5bde,pmt_c9a4393015,1084.28,2026-01-01T05:27:18+00:00,Lucknow,netbanking,560,568.67,0,,entertainment
txn_33d710ceb4,cust_6bfc7661db,merch_0018ded378,dev_47ab1c532c,ip_541c65a3d7,pmt_c28a3d0f77,1274.89,2026-01-01T06:01:06+00:00,Kolkata,upi,32,1525.84,0,,pharmacy
txn_cc0347c632,cust_803fe026d1,merch_d5b415c871,dev_7ca2df9333,ip_023febcb7c,pmt_5dbc42c0fa,538.38,2026-01-01T06:02:59+00:00,Bengaluru,card,351,637.74,0,,pharmacy
txn_323d4ad5af,cust_5f7f6fd366,merch_879f14a7e3,dev_611e92e6d5,ip_b6b1a3c3cb,pmt_50159df940,787.66,2026-01-01T06:05:13+00:00,Ahmedabad,wallet,290,807.13,0,,grocery
txn_cde8a2af7b,cust_856381c787,merch_023d4ac6fc,dev_f81a57e0fa,ip_ed088e5864,pmt_5c2dc4da00,1408.91,2026-01-01T06:09:52+00:00,Kolkata,card,147,1441.08,0,,pharmacy
txn_542e8d37a5,cust_84494ffde7,merch_3195323114,dev_ff14a5228f,ip_558ae7b04b,pmt_832c13ee97,1289.14,2026-01-01T06:29:32+00:00,Kochi,netbanking,85,1064.73,0,,grocery
txn_8a020aebdb,cust_892c2db987,merch_993b9e2f43,dev_77015c7cbb,ip_d7494d59fc,pmt_dd358e7f05,218.74,2026-01-01T06:35:55+00:00,Jaipur,upi,407,164.31,0,,utilities
txn_bb90352310,cust_0cafee3482,merch_d5b415c871,dev_7a733d5137,ip_06e48b902a,pmt_38ee92eb40,1661.69,2026-01-01T06:37:18+00:00,Lucknow,netbanking,419,1450.35,0,,pharmacy
txn_f68c232c3d,cust_78a35ab77a,merch_dc3f7ac002,dev_73c76628b7,ip_5e7313e434,pmt_93e2f4b75b,818.20,2026-01-01T06:48:00+00:00,Bengaluru,netbanking,135,753.08,0,,entertainment
txn_c5435b26f0,cust_e8f251fee6,merch_630f80b667,dev_96a9ddc7cf,ip_629899c6a9,pmt_8cfa277b6e,656.99,2026-01-01T06:53:35+00:00,Chennai,wallet,389,796.92,0,,electronics
txn_2ae8ff3b42,cust_f86566f80f,merch_20e44d8ca7,dev_82eae98601,ip_5e1713bc1a,pmt_302592bf55,1172.85,2026-01-01T07:47:58+00:00,Chandigarh,upi,344,851.42,0,,utilities
txn_50193aa17a,cust_193241bd4b,merch_29b7c55611,dev_69f67db85c,ip_365b428d3c,pmt_352890e4b9,399.40,2026-01-01T08:07:35+00:00,Lucknow,netbanking,1113,290.43,0,,fuel
txn_6b20713dd5,cust_2f65c6b196,merch_29b7c55611,dev_28304a3403,ip_b535948f41,pmt_3bdde6473b,88.84,2026-01-01T08:11:08+00:00,Mumbai,netbanking,2130,236.50,0,,fuel
txn_82c8022fbf,cust_119e222158,merch_12bc92e5d0,dev_1d0c25bc98,ip_b7505c5fc6,pmt_d49dd537a2,567.24,2026-01-01T08:22:42+00:00,Hyderabad,wallet,111,774.40,0,,fashion
txn_88a1c064ea,cust_a59a4b7335,merch_29816d48b6,dev_e43a5d14bb,ip_a767da7d83,pmt_ba9ac8dea3,267.96,2026-01-01T08:24:08+00:00,Lucknow,card,566,246.56,0,,utilities
txn_28b222fa82,cust_00c980c5ed,merch_84cc6f6607,dev_30d3ed305d,ip_35f6adbf09,pmt_a8eab261dc,2686.68,2026-01-01T08:29:10+00:00,Kochi,card,474,1656.56,0,,fuel
txn_6bcfb74aca,cust_682a5497d5,merch_b074f09044,dev_aefc1e7a10,ip_73f7e522eb,pmt_6e262ab398,566.88,2026-01-01T08:38:47+00:00,Pune,wallet,2490,727.81,0,,fashion
txn_bdabc1f2fa,cust_318591b759,merch_3b8ab97346,dev_d1be0a6577,ip_bd0cbaa9e5,pmt_9fc51013dc,272.58,2026-01-01T09:12:41+00:00,Jaipur,wallet,1019,263.59,0,,entertainment
txn_21a14a8194,cust_dadd161ec4,merch_21e6ea0d08,dev_c5215b5f11,ip_52d1d236e9,pmt_7da646c08c,1387.30,2026-01-01T09:56:38+00:00,Hyderabad,upi,147,770.63,0,,electronics
txn_7eeacbbebe,cust_17ef7a9f99,merch_73b110adea,dev_346d3cb8f4,ip_1fd545299d,pmt_0020ba79df,199.59,2026-01-01T10:04:47+00:00,Jaipur,upi,605,338.81,0,,grocery
txn_1b7d3fb461,cust_8401a249e0,merch_dec5f39188,dev_974aaafbb1,ip_43ed2c1dcd,pmt_09c81414f8,4064.72,2026-01-01T10:06:36+00:00,Bengaluru,netbanking,49,2623.70,0,,utilities
txn_3e257ac573,cust_4351668bd2,merch_1a4e87dbaf,dev_c52e24a7a2,ip_1fa3dde570,pmt_a2557d91c3,210.14,2026-01-01T10:10:34+00:00,Mumbai,card,850,214.46,0,,jewelry
txn_4829d4e75c,cust_f1985c9b45,merch_b074f09044,dev_d1cec1bea7,ip_ee8060ab7d,pmt_691a85c0b9,188.02,2026-01-01T10:25:04+00:00,Mumbai,upi,35,329.75,0,,fashion
txn_4caf7b77b2,cust_3687dd1b8c,merch_50552bde41,dev_6d62943ab8,ip_1cfe125fb9,pmt_32fa49ab4d,1633.56,2026-01-01T10:27:47+00:00,Ahmedabad,netbanking,347,969.40,0,,food_delivery
txn_db0ca2ccf7,cust_e7a1393d50,merch_c22268fdce,dev_a27621214a,ip_eb87f9d0a9,pmt_cf9bd04e8b,772.98,2026-01-01T10:28:17+00:00,Lucknow,netbanking,632,636.11,0,,utilities
txn_e207e0ae9e,cust_7567e0600e,merch_9e610a3b92,dev_316e2d61ca,ip_bbbe7b8ed8,pmt_ff8cde0816,1067.18,2026-01-01T10:28:29+00:00,Kolkata,wallet,1061,1504.78,0,,fuel
txn_37f5067f51,cust_9a71d29933,merch_5843fe5054,dev_723c6ca9ff,ip_7ab6954130,pmt_eeafc99701,634.36,2026-01-01T10:29:34+00:00,Lucknow,netbanking,460,563.60,0,,grocery
txn_97680cbcd6,cust_a03f0b8425,merch_b548ea499c,dev_06557e263a,ip_4f7d69f428,pmt_101654cc42,981.58,2026-01-01T10:32:37+00:00,Chandigarh,wallet,372,1346.49,0,,jewelry
txn_231d5bc778,cust_0906b91f33,merch_400d8b41e8,dev_57c1553f63,ip_3d941bc65c,pmt_d3665841c7,509.54,2026-01-01T10:53:09+00:00,Jaipur,netbanking,705,934.15,0,,jewelry
txn_a1c7f94a2b,cust_ccd9d3b853,merch_08cb85e737,dev_cd5e0804e5,ip_fa39a7f6ae,pmt_3ac327d7bf,203.34,2026-01-01T10:54:08+00:00,Jaipur,card,1305,180.68,0,,electronics
txn_bf4327fe3d,cust_433c7ee4b3,merch_21e6ea0d08,dev_2f3889c63c,ip_998ee242fb,pmt_80a8aaaa9e,308.21,2026-01-01T11:12:46+00:00,Lucknow,wallet,49,335.91,0,,electronics
txn_2770ce9f63,cust_0906b91f33,merch_3195323114,dev_8f9acc5351,ip_3d941bc65c,pmt_d3665841c7,714.41,2026-01-01T11:14:28+00:00,Jaipur,netbanking,705,934.15,0,,grocery
txn_1bba7c1959,cust_54bcd07818,merch_9b8a3e2865,dev_9a5873c1b1,ip_786a6d59c2,pmt_1fd200aacb,2841.97,2026-01-01T11:14:57+00:00,Mumbai,upi,163,1309.35,0,,entertainment
txn_579aefdeb3,cust_9d2a2ebc98,merch_3c23fe8cfe,dev_27181abd3b,ip_26c9a12968,pmt_918d3b9020,4461.96,2026-01-01T11:17:06+00:00,Jaipur,upi,381,2475.00,0,,fashion
txn_18457808a2,cust_7b33071986,merch_93c07c678c,dev_f1c5764959,ip_9e8d6809db,pmt_22777f5370,1649.50,2026-01-01T11:31:57+00:00,Chennai,card,11,1960.81,0,,grocery
txn_4b1d7740e8,cust_e0e7372d56,merch_38716f0aba,dev_9b2ae924ce,ip_c7a352b340,pmt_6b1a916cd6,2779.96,2026-01-01T11:39:11+00:00,Delhi,netbanking,29,2230.74,0,,food_delivery
txn_533d1de643,cust_5302cd928f,merch_b87aa58f30,dev_a62a133d2c,ip_e9c0cfd14b,pmt_ca5ed2c839,572.86,2026-01-01T11:53:42+00:00,Kolkata,card,285,505.15,0,,jewelry
txn_b6e96d188b,cust_7d267ca254,merch_3c23fe8cfe,dev_d3246909f0,ip_faa3d19fc0,pmt_30ca302da6,839.12,2026-01-01T12:07:30+00:00,Kolkata,upi,294,1666.39,0,,fashion
txn_ff3677c5fc,cust_0187d25c93,merch_d5b415c871,dev_9f14d022bf,ip_2e490e2f59,pmt_031eb8f9d5,238.46,2026-01-01T12:08:03+00:00,Chandigarh,card,359,217.32,0,,pharmacy
txn_9027cb05a8,cust_caf22e0d93,merch_3c23fe8cfe,dev_e3ab06cb68,ip_1ac5edd242,pmt_89e8013739,866.45,2026-01-01T12:19:05+00:00,Chennai,netbanking,71,1354.06,0,,fashion
txn_93beec5f4d,cust_e110ac8922,merch_dec5f39188,dev_10cb55dc36,ip_900a86bcb3,pmt_1d8dd25b36,2259.11,2026-01-01T12:21:01+00:00,Ahmedabad,upi,3808,520.05,1,,utilities
txn_11a739f0d5,cust_ee7aaa7026,merch_c2fb29e3be,dev_cb94f88701,ip_80b89a8751,pmt_632254f4dc,696.39,2026-01-01T12:33:26+00:00,Ahmedabad,netbanking,525,428.14,0,,jewelry
txn_8509a78add,cust_7b68029403,merch_b2b5b5932b,dev_bf5f046346,ip_242e403ecf,pmt_4c634dcd35,429.90,2026-01-01T12:41:58+00:00,Kochi,wallet,234,289.10,0,,travel
txn_1cc45aeeb7,cust_70e80b3146,merch_6836db54d7,dev_f1a3fbb932,ip_de89653501,pmt_97ac4e90fb,2781.73,2026-01-01T12:45:38+00:00,Delhi,card,754,2009.08,0,,fuel
txn_4e91bc5c9c,cust_7a63a19b84,merch_6b13b81417,dev_810ca676c9,ip_a83991f75c,pmt_365190b4ca,1307.89,2026-01-01T12:45:49+00:00,Ahmedabad,card,186,1329.70,0,,jewelry
txn_d3977dd373,cust_bcd55ec916,merch_dd847da09d,dev_1bee7906ec,ip_741112b84b,pmt_ce98113851,872.29,2026-01-01T12:54:29+00:00,Lucknow,upi,237,1256.91,0,,food_delivery
txn_48e5bc060e,cust_5fb6220ea5,merch_0d677f499e,dev_61d0800b66,ip_f39d0130fe,pmt_7e9c48e294,456.98,2026-01-01T13:05:19+00:00,Ahmedabad,card,284,360.11,0,,fashion
txn_480ade0b68,cust_91429b7ba4,merch_4fce905382,dev_7d721819bc,ip_05ffe00f7f,pmt_02479e2c08,1036.33,2026-01-01T13:36:13+00:00,Jaipur,wallet,204,1034.70,0,,utilities
txn_9439be1e76,cust_501061a06b,merch_af480e66c1,dev_00840aedbe,ip_04fcc66c1c,pmt_1231543ee5,1279.87,2026-01-01T13:47:05+00:00,Chandigarh,wallet,7,1110.17,0,,fashion
txn_13512998af,cust_667634a40b,merch_966aed08f2,dev_d5d16410c2,ip_a543bc04f2,pmt_63ccdd8947,757.68,2026-01-01T13:48:50+00:00,Bengaluru,netbanking,50,754.08,0,,grocery
txn_66072b9ba7,cust_65edd6d148,merch_74918e5372,dev_6edc425447,ip_66683685dd,pmt_94bb24313c,492.48,2026-01-01T13:50:11+00:00,Chandigarh,wallet,294,410.25,0,,fashion
txn_2924f3f56a,cust_035e45cbf0,merch_73b110adea,dev_3e088c9ce4,ip_d4e53b3a3d,pmt_c35abf6810,1562.59,2026-01-01T13:54:39+00:00,Chandigarh,netbanking,138,1530.61,0,,grocery
txn_6e49c0fcf6,cust_81f454ec4d,merch_1a4e87dbaf,dev_a09ff4f778,ip_4cb56d9fc8,pmt_5ce793db01,869.61,2026-01-01T13:56:35+00:00,Chandigarh,card,507,708.19,0,,jewelry
txn_e5f9fddcf1,cust_fae47a46d6,merch_dc3f7ac002,dev_29807fefc4,ip_5ca897f003,pmt_5392966a88,840.07,2026-01-01T14:01:15+00:00,Pune,card,628,742.99,0,,entertainment
txn_d54eb1df24,cust_30173e55ee,merch_29816d48b6,dev_8db347b413,ip_dd8f65ed82,pmt_a68fe25a26,673.25,2026-01-01T14:08:35+00:00,Bengaluru,upi,7,480.75,0,,utilities
txn_1cb6a2d762,cust_276a6392c3,merch_09a38eb2da,dev_86667fff70,ip_e226f5e181,pmt_45065ad879,244.27,2026-01-01T14:14:16+00:00,Kolkata,card,90,242.35,0,,travel
txn_3028884b7a,cust_1ad317b8fc,merch_f82df4effe,dev_79e4be43ce,ip_0dfec5d783,pmt_dbf0421259,641.77,2026-01-01T14:19:23+00:00,Ahmedabad,upi,462,596.96,0,,entertainment
txn_f2d6e9d3dd,cust_59dba6135b,merch_f810bf5b6d,dev_0598fe9735,ip_a3aee11346,pmt_a3724c25bd,305.75,2026-01-01T14:20:32+00:00,Jaipur,wallet,21,255.30,0,,food_delivery
txn_0a9e22fc48,cust_db465d8dc0,merch_74fde6fdcd,dev_071fda7be0,ip_883ec9f8d2,pmt_4e15a4af1c,729.39,2026-01-01T14:41:34+00:00,Jaipur,upi,275,714.61,0,,pharmacy
txn_9966ab68ef,cust_e9309274a7,merch_84cc6f6607,dev_bb1a837cde,ip_91403142c9,pmt_ce999f6de0,2201.31,2026-01-01T14:47:46+00:00,Jaipur,wallet,285,2396.27,0,,fuel
txn_f9f4dea19e,cust_fb20392410,merch_76949dba68,dev_70034fcc86,ip_09f2cff294,pmt_c2667a9fee,773.39,2026-01-01T15:00:02+00:00,Mumbai,wallet,1655,851.36,0,,entertainment
txn_445adc7725,cust_70249744d6,merch_5843fe5054,dev_f9a3632a94,ip_d2f2ce3ce7,pmt_916f66d57b,654.72,2026-01-01T15:00:38+00:00,Pune,netbanking,470,1637.84,0,,grocery
txn_af1a8ca115,cust_8c49905975,merch_0d677f499e,dev_377721210d,ip_622882046a,pmt_b7805b4d75,217.72,2026-01-01T15:03:19+00:00,Delhi,card,204,404.05,0,,fashion
txn_ee89a39aa9,cust_85f2b402e4,merch_a4649a3467,dev_4cffca0d06,ip_dc4ab79938,pmt_7398f10cb9,1692.06,2026-01-01T15:30:27+00:00,Hyderabad,upi,11,605.58,0,,fuel
txn_77ddd2b831,cust_26e3f1594d,merch_5843fe5054,dev_d2d56c4601,ip_813ad6c009,pmt_1aa4981982,447.23,2026-01-01T15:32:38+00:00,Bengaluru,wallet,152,633.02,0,,grocery
txn_14587a051a,cust_fb4db8bad8,merch_15dde57415,dev_600ce327d5,ip_a0f3ec17dd,pmt_d1cc417d20,168.32,2026-01-01T15:33:52+00:00,Jaipur,upi,965,263.94,0,,electronics
txn_b18aef3323,cust_697825622a,merch_a10f564b80,dev_3b10fbee0d,ip_83aec5ea67,pmt_f30b9f89f4,2991.45,2026-01-01T15:43:29+00:00,Kolkata,netbanking,126,2699.10,0,,grocery
txn_cb620e93f2,cust_f168a8aa71,merch_50552bde41,dev_e6bbe4891d,ip_a3f1c4b184,pmt_86f898c354,1806.31,2026-01-01T15:44:31+00:00,Lucknow,card,534,972.83,0,,food_delivery
txn_b6c32d3c4d,cust_bd169893c1,merch_15dde57415,dev_12e1390ed2,ip_4e47f82cf2,pmt_fee32c6836,1617.63,2026-01-01T16:03:36+00:00,Hyderabad,netbanking,441,838.15,0,,electronics
txn_7df18180c4,cust_9c7b0b9bd4,merch_db564f82de,dev_e0c0dc038c,ip_bbad9db50b,pmt_bb91556c65,643.94,2026-01-01T16:11:27+00:00,Kochi,wallet,436,892.68,0,,pharmacy
txn_b414fb7939,cust_7833be614a,merch_38716f0aba,dev_c12e29bda2,ip_0576e19e18,pmt_3e08a65e80,667.96,2026-01-01T16:20:43+00:00,Mumbai,wallet,5,390.12,0,,food_delivery
txn_1e64c80af1,cust_d8b8b7c3d9,merch_2e589c17ff,dev_7a0e1a7e2b,ip_6c11b833c5,pmt_46d8cfbef3,773.24,2026-01-01T16:24:01+00:00,Chandigarh,card,476,562.53,0,,entertainment
txn_e35d84dc43,cust_e62398ca9f,merch_e913595253,dev_2cb836e7fa,ip_36e8f36c26,pmt_b379e6f6f7,667.46,2026-01-01T16:28:43+00:00,Mumbai,card,140,829.26,0,,pharmacy
txn_4a481a4add,cust_e5a8290af3,merch_f810bf5b6d,dev_85cb90eca8,ip_a9ed230d45,pmt_d2536aa18f,583.04,2026-01-01T16:56:26+00:00,Chandigarh,netbanking,166,433.95,0,,food_delivery
txn_2620faf108,cust_5a8e81041b,merch_6f6cfb25aa,dev_bf4d782a41,ip_412b2dda97,pmt_56e4c48c38,556.99,2026-01-01T17:21:32+00:00,Bengaluru,netbanking,418,528.81,0,,entertainment
txn_ab75a7b4bf,cust_9cfd0786b1,merch_3195323114,dev_a6e5926490,ip_d2fb17c133,pmt_191fa58aa2,1784.11,2026-01-01T17:21:41+00:00,Delhi,card,367,1606.63,0,,grocery
txn_519945766b,cust_073bc6c49d,merch_4cfa6dbbd7,dev_3aa5a8ddad,ip_48fe31aa81,pmt_d6f727f708,267.82,2026-01-01T17:22:19+00:00,Bengaluru,upi,12,479.87,0,,travel
txn_909376a2c7,cust_dc4ee00869,merch_e913595253,dev_d0aebaef0c,ip_01ba281e05,pmt_93f625cb77,364.71,2026-01-01T17:25:51+00:00,Chandigarh,netbanking,24,514.00,0,,pharmacy
txn_f9bbb3ee89,cust_65e9f98dd5,merch_21e6ea0d08,dev_ef7bd67a75,ip_31c10cb89e,pmt_b070e5bb1e,990.97,2026-01-01T17:46:59+00:00,Bengaluru,card,675,739.58,0,,electronics
txn_f9f4905ed4,cust_f653b16d84,merch_5843fe5054,dev_df2827db0d,ip_b18e1ef30e,pmt_6dede9f7aa,2948.10,2026-01-01T18:01:40+00:00,Chennai,netbanking,2,1836.88,0,,grocery
txn_4c2af2cd3d,cust_5ef1fb300d,merch_023d4ac6fc,dev_ddaeb9c204,ip_a20dc4746d,pmt_8ee6871a94,1082.06,2026-01-01T18:25:24+00:00,Chandigarh,card,120,1074.94,0,,pharmacy
txn_3b2ebf51bf,cust_70137c051c,merch_93c07c678c,dev_fdb06ad31b,ip_12baf37c4f,pmt_68918ef6c1,890.96,2026-01-01T18:30:43+00:00,Mumbai,netbanking,36,583.26,0,,grocery
txn_944aefcaf5,cust_2bc5edf641,merch_6b13b81417,dev_7a13d556e7,ip_6c0b52a8a7,pmt_dc50625d9f,182.42,2026-01-01T18:35:35+00:00,Ahmedabad,card,866,392.67,0,,jewelry
txn_295342de56,cust_c4f6b7740d,merch_f82df4effe,dev_04169b9a64,ip_0d1afdba6a,pmt_c5295f2019,535.62,2026-01-01T19:10:11+00:00,Kochi,netbanking,274,432.11,0,,entertainment
txn_c3c2101a16,cust_3f49603f5d,merch_38716f0aba,dev_2796b8bcae,ip_1d04bf653a,pmt_9cf1a026d0,551.25,2026-01-01T19:12:12+00:00,Hyderabad,card,414,639.22,0,,food_delivery
txn_335599c852,cust_180aa526fc,merch_3c23fe8cfe,dev_550d8d6f57,ip_bda75a2ae3,pmt_d02e848af5,301.78,2026-01-01T19:13:15+00:00,Kolkata,wallet,30,673.36,0,,fashion
txn_23dc603a65,cust_cf6a251f2f,merch_93c07c678c,dev_8460b2fd36,ip_af42baa42d,pmt_2790fa45b4,381.56,2026-01-01T19:17:29+00:00,Ahmedabad,netbanking,405,360.03,0,,grocery
txn_dfc2835d15,cust_2c5e4c4602,merch_879f14a7e3,dev_d18ce17e13,ip_b9d09673ef,pmt_82047c3da3,281.30,2026-01-01T19:23:47+00:00,Bengaluru,netbanking,224,313.46,0,,grocery
txn_b7abbafcec,cust_53425c4858,merch_9bfdc3e901,dev_bdecbe1da5,ip_d2253214ad,pmt_dcd4009308,432.22,2026-01-01T19:45:27+00:00,Delhi,netbanking,17,176.17,0,,grocery
txn_b53e5b596e,cust_0439b8d6e8,merch_0d677f499e,dev_2fa0a2c3b5,ip_982d8af6ae,pmt_0c7b758ac6,1414.32,2026-01-01T20:00:34+00:00,Kolkata,upi,893,868.34,0,,fashion
txn_52d6be83c8,cust_e1a1870608,merch_dd847da09d,dev_6a082205b2,ip_a7504f15ba,pmt_32761c0468,692.06,2026-01-01T20:04:25+00:00,Bengaluru,card,171,764.90,0,,food_delivery
txn_1fd6d5ac5b,cust_15fe40e9bb,merch_3423259716,dev_b9b12a59c9,ip_8a7d52c7b0,pmt_f06037bcf6,4250.53,2026-01-01T20:09:52+00:00,Mumbai,upi,12,1412.86,0,,fashion
txn_5e6af44d93,cust_47e1e517fc,merch_09a38eb2da,dev_6152d25252,ip_ecc506fec7,pmt_14bac7e37c,184.10,2026-01-01T20:13:02+00:00,Kochi,card,146,254.40,0,,travel
txn_a1d955db52,cust_13b245c2bc,merch_f810bf5b6d,dev_eda76c4ff9,ip_e7576d8d1b,pmt_d324283fae,590.79,2026-01-01T20:16:34+00:00,Jaipur,card,496,1076.38,0,,food_delivery
txn_542b5d49ec,cust_a7a4db9cfc,merch_218961bd9d,dev_98dc639aad,ip_48ea9eaaf1,pmt_4887e708b1,499.14,2026-01-01T20:24:34+00:00,Chandigarh,wallet,286,385.43,0,,grocery
txn_11fa7fca7f,cust_2ff87e48e2,merch_4fce905382,dev_88e9dcde51,ip_5a13823349,pmt_cdccb586f8,567.62,2026-01-01T20:32:42+00:00,Kochi,upi,322,661.84,0,,utilities
txn_3081ef2566,cust_294028f96e,merch_98e81e8358,dev_40591f3143,ip_763500c222,pmt_8ba005a73e,1040.21,2026-01-01T20:47:59+00:00,Pune,netbanking,562,756.17,0,,jewelry
txn_02efbbd93d,cust_72832f30ec,merch_50552bde41,dev_b4a8a40ccd,ip_45bab1fba9,pmt_8dbbf9eb8d,593.22,2026-01-01T20:51:31+00:00,Delhi,wallet,616,570.99,0,,food_delivery
txn_d6436840cb,cust_c5489a56d3,merch_1c7213e152,dev_fb15fb888f,ip_6fe8a81519,pmt_7c2d2a5dac,295.09,2026-01-01T20:59:05+00:00,Chandigarh,upi,230,466.30,0,,grocery
txn_7a28561263,cust_92a75cd321,merch_84cc6f6607,dev_a9da82fc84,ip_0825f034ec,pmt_91c5f23df7,588.11,2026-01-01T21:29:54+00:00,Bengaluru,wallet,770,674.54,0,,fuel
txn_d15185e7dd,cust_3f6f71092c,merch_cd686e79ec,dev_6355a5f179,ip_c093206854,pmt_1b4e0d8d29,51.70,2026-01-01T21:34:52+00:00,Chandigarh,card,9,780.90,1,,entertainment
txn_b72fc87b1b,cust_3f6f71092c,merch_7019fa8b8c,dev_6355a5f179,ip_c093206854,pmt_b7c36044b5,95.83,2026-01-01T21:36:17+00:00,Chandigarh,card,9,780.90,1,,pharmacy
txn_657b6381d5,cust_3f6f71092c,merch_b588adf2cf,dev_6355a5f179,ip_c093206854,pmt_1b4e0d8d29,102.99,2026-01-01T21:36:18+00:00,Chandigarh,card,9,780.90,1,,fashion
txn_49011dd937,cust_3f6f71092c,merch_13c4d99849,dev_6355a5f179,ip_c093206854,pmt_1b4e0d8d29,37.66,2026-01-01T21:37:48+00:00,Chandigarh,card,9,780.90,1,,fashion
txn_3e78f2e26c,cust_3f6f71092c,merch_8d74118aac,dev_6355a5f179,ip_c093206854,pmt_b7c36044b5,68.01,2026-01-01T21:38:43+00:00,Chandigarh,card,9,780.90,1,,travel
txn_e065167a2c,cust_a2fe6c5414,merch_153644e3cb,dev_b06e430302,ip_9de9408302,pmt_ab93e2abc8,580.88,2026-01-01T21:51:50+00:00,Hyderabad,upi,616,469.79,0,,travel
txn_a52cc7cf9b,cust_8f0b0cf113,merch_7b950a0080,dev_9e4e637ce6,ip_223dafbae0,pmt_91d4cb4656,778.78,2026-01-01T21:54:03+00:00,Mumbai,card,426,921.80,0,,food_delivery
txn_45221e9de7,cust_910dbd39ce,merch_cac8d54855,dev_544a2747e4,ip_9eb5c08924,pmt_25f6c76b78,134.20,2026-01-01T21:57:31+00:00,Bengaluru,netbanking,33,233.19,0,,utilities
txn_764ac0efa7,cust_58e9d721a1,merch_b548ea499c,dev_e381eab27c,ip_5766ef560a,pmt_60becdc27d,134.26,2026-01-01T21:57:37+00:00,Bengaluru,wallet,54,100.00,0,,jewelry
txn_14b25f1708,cust_b164b6aac0,merch_4cfa6dbbd7,dev_3e1c79c095,ip_5b4062c6a2,pmt_039003d32c,751.38,2026-01-01T22:15:31+00:00,Jaipur,netbanking,404,352.89,0,,travel
txn_63e0c1a930,cust_08d3f437e0,merch_4096571ef3,dev_14bed3d918,ip_e939fde3c9,pmt_66129a68e5,264.00,2026-01-01T22:28:54+00:00,Mumbai,card,822,350.49,0,,entertainment
txn_9a5e35870f,cust_011b3a1aca,merch_eb9d5ebaf4,dev_65abd1098c,ip_7815716b28,pmt_88f9342923,240.96,2026-01-01T22:46:46+00:00,Lucknow,upi,78,501.44,0,,electronics
txn_c8c1554c20,cust_00c8e50ce8,merch_7019fa8b8c,dev_e02b2a6a54,ip_88ebaf5906,pmt_279a481f18,237.18,2026-01-01T23:29:37+00:00,Ahmedabad,wallet,4,253.86,0,,pharmacy
txn_73df5e9e03,cust_2b95648561,merch_68ce248b11,dev_e4c97412bd,ip_c1bb0fa710,pmt_c35d821084,329.04,2026-01-01T23:36:56+00:00,Bengaluru,netbanking,24,373.57,0,,grocery
txn_171ad01d36,cust_e42420eb49,merch_3195323114,dev_b640ce4780,ip_29e2e32b24,pmt_68c92afc10,1597.21,2026-01-01T23:40:30+00:00,Hyderabad,card,230,1046.53,0,,grocery
txn_10c0a8fbe6,cust_2ee74452f0,merch_993b9e2f43,dev_8c889cd3ca,ip_7503199159,pmt_9841caab11,314.44,2026-01-01T23:41:08+00:00,Bengaluru,upi,399,417.08,0,,utilities
txn_a50158d334,cust_6582fc19a0,merch_b3cd51543f,dev_599f5e02c6,ip_b42e36a1b8,pmt_fc391c8bd6,1287.78,2026-01-01T23:44:02+00:00,Delhi,netbanking,16,1309.27,0,,fuel
txn_d82f759a0b,cust_2ec77ba207,merch_09a38eb2da,dev_20f3d9fc3f,ip_890f6ad887,pmt_a9f8f4b0b1,449.27,2026-01-01T23:46:03+00:00,Hyderabad,card,1068,449.57,0,,travel
txn_113d372af3,cust_3fcf9fd255,merch_29816d48b6,dev_a6d9f4586d,ip_80635fb917,pmt_74bab6928c,825.15,2026-01-01T23:49:36+00:00,Lucknow,card,227,510.49,0,,utilities
txn_fbd9bd40e7,cust_259f0d4826,merch_2a53c49e2e,dev_52fea1510a,ip_61d24e5ef9,pmt_d35e6c8688,1777.45,2026-01-01T23:49:50+00:00,Kochi,wallet,609,1845.90,0,,entertainment
txn_74860028c6,cust_b93585f566,merch_218961bd9d,dev_301654b96e,ip_b176c51cfc,pmt_ed1bf9e23d,2233.29,2026-01-02T00:05:26+00:00,Pune,upi,1623,1727.97,0,,grocery
txn_9ba1e86aff,cust_8376298f14,merch_cf45f9a363,dev_7f13eba5b9,ip_c730f4f5ad,pmt_fee3684208,2351.86,2026-01-02T00:07:12+00:00,Pune,netbanking,84,2386.10,0,,travel
txn_879f5a9266,cust_d8f234df8a,merch_b074f09044,dev_446b30eea0,ip_1c620f1375,pmt_0a114e2150,3230.53,2026-01-02T00:11:25+00:00,Delhi,card,199,2846.08,0,,fashion
txn_104bdc2d8b,cust_78c076c1b1,merch_dec5f39188,dev_c857a9b112,ip_aef908c76f,pmt_83da30ff5e,3148.10,2026-01-02T00:43:48+00:00,Kochi,netbanking,185,1336.20,0,,utilities
txn_35e0a1e7ef,cust_c5224f4b83,merch_9e610a3b92,dev_ff3296a027,ip_c02480f951,pmt_99107fcc32,2212.09,2026-01-02T00:50:11+00:00,Kolkata,netbanking,368,2298.33,0,,fuel
txn_a063db2ce6,cust_e0a2a3af18,merch_5843fe5054,dev_ea660c63c0,ip_cda06cf802,pmt_764b91f54d,3766.05,2026-01-02T00:56:49+00:00,Delhi,upi,829,2790.93,0,,grocery
txn_b1521ebfc7,cust_334eca1f83,merch_6836db54d7,dev_067572fa57,ip_31e33916c2,pmt_8ee2c0e34c,312.12,2026-01-02T01:01:36+00:00,Delhi,card,540,276.95,0,,fuel
txn_a64bcb4edb,cust_fa87cf2e06,merch_dd847da09d,dev_bd0a735ea1,ip_639296d58a,pmt_dc6a1defa7,547.73,2026-01-02T01:10:24+00:00,Lucknow,upi,19,572.63,0,,food_delivery
txn_06144effdb,cust_612eb0eeb2,merch_affbcbf6fb,dev_bc0bdcd90e,ip_99ed2e94fd,pmt_d39cff1865,96.20,2026-01-02T01:36:39+00:00,Lucknow,card,23,188.61,0,,travel
txn_b0c8c10bf9,cust_44d81549eb,merch_b074f09044,dev_df85ee458a,ip_45712150ca,pmt_f9dbccb87b,480.79,2026-01-02T02:34:28+00:00,Chennai,wallet,458,490.29,0,,fashion
txn_1f7549a78f,cust_6afffebad1,merch_4096571ef3,dev_688344d997,ip_67a84b569e,pmt_0f88095450,942.73,2026-01-02T02:45:33+00:00,Ahmedabad,upi,127,877.10,0,,entertainment
txn_26a5ea50ab,cust_f81f8b2329,merch_153644e3cb,dev_45886f04c4,ip_04907ef6ef,pmt_4e64c37aa5,46.31,2026-01-02T02:47:22+00:00,Kolkata,netbanking,535,145.56,0,,travel
txn_a153a6a600,cust_e6c41a7a67,merch_50552bde41,dev_6c040edf3f,ip_cf244ace7b,pmt_99ecf4399a,1055.12,2026-01-02T02:51:17+00:00,Ahmedabad,wallet,236,706.41,0,,food_delivery
txn_d4d868a49d,cust_6afffebad1,merch_d5b415c871,dev_688344d997,ip_67a84b569e,pmt_0f88095450,971.73,2026-01-02T03:01:30+00:00,Ahmedabad,upi,127,877.10,0,,pharmacy
txn_700eab7c3b,cust_dba39a2aba,merch_b87aa58f30,dev_a706b1c600,ip_3549d386db,pmt_ed73c6f74e,1053.85,2026-01-02T03:01:32+00:00,Hyderabad,netbanking,51,606.82,0,,jewelry
txn_5b67cfbf84,cust_b66e9edc7a,merch_7019fa8b8c,dev_df1c153eb5,ip_d2877165ae,pmt_e9c49883af,448.80,2026-01-02T03:31:41+00:00,Ahmedabad,card,182,444.17,0,,pharmacy
txn_d655b1f5ac,cust_aede8971f6,merch_0e78f7bcdf,dev_2209b40d8a,ip_df190c11e7,pmt_e16a9eeba5,243.41,2026-01-02T03:51:17+00:00,Bengaluru,netbanking,340,400.52,0,,fashion
txn_940a48e3b3,cust_58ecc65bde,merch_af480e66c1,dev_6f8eb98f51,ip_f93d3b6dfa,pmt_a145bac195,95.04,2026-01-02T03:56:51+00:00,Chennai,netbanking,905,163.84,0,,fashion
txn_effabe5a04,cust_58ecc65bde,merch_68ce248b11,dev_c337bc6fdb,ip_f93d3b6dfa,pmt_201f1d0c62,86.18,2026-01-02T03:57:17+00:00,Chennai,netbanking,905,163.84,0,,grocery
txn_ca7f012fc9,cust_ffc2b4a423,merch_dd847da09d,dev_cb99f238e9,ip_c1cbb606c4,pmt_3ed24fbdc5,684.36,2026-01-02T04:05:42+00:00,Kolkata,wallet,666,652.24,0,,food_delivery
txn_da71f7777d,cust_272281eb51,merch_73b110adea,dev_18602ffc86,ip_c9e6439579,pmt_8a859c3167,371.51,2026-01-02T04:05:55+00:00,Lucknow,upi,341,671.64,0,,grocery
txn_81fc5d0376,cust_073bc6c49d,merch_b87aa58f30,dev_3aa5a8ddad,ip_48fe31aa81,pmt_d6f727f708,714.43,2026-01-02T04:08:11+00:00,Bengaluru,upi,12,479.87,0,,jewelry
txn_817ff0602f,cust_ca81ce34ee,merch_dd847da09d,dev_dac702eeb5,ip_c19f2a804b,pmt_898483e570,1197.52,2026-01-02T04:24:15+00:00,Hyderabad,upi,2496,972.63,0,,food_delivery
txn_2874200fc4,cust_e6ecb05408,merch_9b8a3e2865,dev_f67cdc046f,ip_4fd60b0188,pmt_a4cbd9d086,500.33,2026-01-02T04:46:07+00:00,Delhi,wallet,438,391.94,0,,entertainment
txn_f32d343643,cust_ed71428a5f,merch_acb8176511,dev_ce2ed59a77,ip_6463070a86,pmt_ad567f9426,971.82,2026-01-02T05:04:19+00:00,Pune,wallet,525,825.64,0,,travel
txn_97aac838d8,cust_a087dca356,merch_48ebb81d43,dev_a9f7dede4f,ip_52b4e9bc5a,pmt_5aaa3a24e5,81.97,2026-01-02T05:09:50+00:00,Delhi,netbanking,140,176.41,0,,pharmacy
txn_ebb0da6426,cust_45d9e14495,merch_5d7550a442,dev_305a119210,ip_3b797042ff,pmt_947e0aca8a,8000.00,2026-01-02T05:17:40+00:00,Kolkata,card,2,890.90,1,,utilities
txn_a1b9c31a73,cust_d4974992e5,merch_13c4d99849,dev_50d1be393e,ip_db4f1aba93,pmt_422bfaffea,1566.22,2026-01-02T05:19:07+00:00,Chennai,card,16,2061.50,0,,fashion
txn_474611e6bb,cust_cc308e3582,merch_53c044e34e,dev_3e84376105,ip_1212d080cf,pmt_baa7255fdf,774.80,2026-01-02T05:21:32+00:00,Jaipur,wallet,455,645.61,0,,entertainment
txn_3067007376,cust_8bae8aa989,merch_3c23fe8cfe,dev_ef5e60dc48,ip_8dd9419aed,pmt_7e85111568,197.27,2026-01-02T05:25:50+00:00,Lucknow,netbanking,1148,317.35,0,,fashion
txn_a11ed36a36,cust_612eb0eeb2,merch_3b8ab97346,dev_bc0bdcd90e,ip_409b9dcf3b,pmt_d39cff1865,162.62,2026-01-02T05:26:52+00:00,Lucknow,card,23,188.61,0,,entertainment
txn_9e3bd97cef,cust_83851ca900,merch_8d74118aac,dev_e6e8efc2c4,ip_3f908558e4,pmt_b7a08412d0,260.71,2026-01-02T05:36:48+00:00,Chennai,wallet,494,263.35,0,,travel
txn_9c808b3000,cust_bdd89cf155,merch_d5b415c871,dev_e201f14d6f,ip_87bc138176,pmt_ca4153ae8e,1009.90,2026-01-02T05:36:56+00:00,Lucknow,netbanking,243,1433.87,0,,pharmacy
txn_107aa34f6a,cust_e0e7372d56,merch_38716f0aba,dev_9b2ae924ce,ip_f3011d6f8c,pmt_7698b37778,1802.87,2026-01-02T05:37:14+00:00,Chennai,netbanking,29,2230.74,0,,food_delivery
txn_a1706f75c8,cust_5f7f6fd366,merch_bf368185fd,dev_9506285660,ip_b6b1a3c3cb,pmt_50159df940,906.44,2026-01-02T05:40:34+00:00,Ahmedabad,wallet,290,807.13,0,,electronics
txn_4947e87998,cust_29ece55664,merch_b87aa58f30,dev_d52237cab6,ip_7330035142,pmt_b9da1d2656,350.05,2026-01-02T05:45:04+00:00,Ahmedabad,wallet,1635,491.14,0,,jewelry
txn_e9e75e25e3,cust_f16d225f01,merch_cd686e79ec,dev_7c834213e7,ip_bc7ce022d4,pmt_1e97eb67ac,574.85,2026-01-02T06:01:37+00:00,Hyderabad,netbanking,32,478.39,0,,entertainment
txn_9dbc3b82fd,cust_67957612ba,merch_dec5f39188,dev_bf6eaaa640,ip_383622bc3f,pmt_027a31d703,493.06,2026-01-02T06:33:07+00:00,Jaipur,netbanking,1127,381.50,0,,utilities
txn_18aca229e5,cust_6095e049c6,merch_09a38eb2da,dev_4d826eaebc,ip_3e306de575,pmt_e96bd8a185,575.58,2026-01-02T06:39:31+00:00,Delhi,netbanking,659,759.67,0,,travel
txn_cd5c131eb2,cust_c23fb617ac,merch_dc3f7ac002,dev_1dc2713b93,ip_603d033587,pmt_d53772612d,1289.37,2026-01-02T06:44:23+00:00,Lucknow,card,81,863.18,0,,entertainment
txn_a320c07d34,cust_096dc0adf2,merch_6f6cfb25aa,dev_faf5c9984e,ip_d4b21a652b,pmt_e8c117d5f1,842.66,2026-01-02T07:09:55+00:00,Pune,card,25,827.50,0,,entertainment
txn_bc32c32a4a,cust_8df521928b,merch_74fde6fdcd,dev_96192626d9,ip_ec1fb7a910,pmt_08cdc08c2c,297.87,2026-01-02T07:10:49+00:00,Chandigarh,card,142,242.51,0,,pharmacy
txn_d5f9a0dbc1,cust_a9f68f749a,merch_bf368185fd,dev_20a5d3d9d1,ip_b31e71864c,pmt_a9d2aaf439,2119.01,2026-01-02T07:12:30+00:00,Hyderabad,netbanking,523,1582.42,0,,electronics
txn_f80c7464f9,cust_bdd89cf155,merch_72bd418f58,dev_e201f14d6f,ip_87bc138176,pmt_ca4153ae8e,1487.26,2026-01-02T07:21:26+00:00,Lucknow,netbanking,243,1433.87,0,,electronics
txn_147c842a48,cust_f26b9efcc9,merch_48ebb81d43,dev_737198d9aa,ip_b839fa8755,pmt_c19c2043ef,531.26,2026-01-02T07:21:39+00:00,Mumbai,upi,1504,950.39,0,,pharmacy
txn_079edf3956,cust_4e66f4d5cb,merch_4fce905382,dev_866a3e3a23,ip_bf8b92d146,pmt_c8cb7ee237,1503.21,2026-01-02T07:23:28+00:00,Jaipur,card,466,1784.57,0,,utilities
txn_03503d8d01,cust_771cc22de8,merch_73b110adea,dev_2020f586df,ip_297a047fe7,pmt_ec9d0c4d3c,883.72,2026-01-02T07:23:49+00:00,Chandigarh,wallet,392,1034.38,0,,grocery
txn_ce859c2b34,cust_3cc3a887cf,merch_4096571ef3,dev_1f71f24ebf,ip_6978605293,pmt_22c588678a,213.77,2026-01-02T07:29:25+00:00,Ahmedabad,card,128,171.95,0,,entertainment
txn_8d0ecff5e6,cust_966df86c10,merch_966aed08f2,dev_a36b2811c0,ip_de534b01e8,pmt_0e5fd2c383,579.40,2026-01-02T07:42:44+00:00,Chennai,netbanking,162,547.42,0,,grocery
txn_b5d53eee0b,cust_70249744d6,merch_5843fe5054,dev_f9a3632a94,ip_d2f2ce3ce7,pmt_916f66d57b,2250.16,2026-01-02T07:53:23+00:00,Pune,netbanking,470,1637.84,0,,grocery
txn_715ca5bbd5,cust_9440dc6b54,merch_3b8ab97346,dev_90d097ff7e,ip_ced31555d9,pmt_cc23722b05,587.02,2026-01-02T07:55:58+00:00,Kolkata,netbanking,58,727.17,0,,entertainment
txn_ba82def579,cust_c41b903c61,merch_eb9d5ebaf4,dev_5f92d317ac,ip_45f1385895,pmt_6677dce43f,661.58,2026-01-02T08:23:44+00:00,Jaipur,wallet,48,482.42,0,,electronics
txn_29b2ceb8b3,cust_db5d479323,merch_2e589c17ff,dev_192a641765,ip_9ff3a1c8fd,pmt_6936ce7834,1052.33,2026-01-02T08:35:11+00:00,Pune,upi,119,828.55,0,,entertainment
txn_509353a25d,cust_cb02b36eb8,merch_4cfa6dbbd7,dev_a17e2be877,ip_9e61cbcf3b,pmt_f7086ad100,745.33,2026-01-02T08:53:18+00:00,Mumbai,upi,149,447.33,0,,travel
txn_eb65a68ccc,cust_3cc9fd020d,merch_6836db54d7,dev_19c1c8bd3d,ip_34ac93cd6d,pmt_c727f36326,559.01,2026-01-02T08:59:18+00:00,Ahmedabad,wallet,4,418.12,0,,fuel
txn_bce1f0927f,cust_1a4904544e,merch_9e610a3b92,dev_30005e8682,ip_a4857af403,pmt_dd8c569e2c,441.70,2026-01-02T09:08:43+00:00,Chandigarh,wallet,583,447.67,0,,fuel
txn_67eba90d81,cust_2f818c85e2,merch_a4649a3467,dev_8c4d53816a,ip_1564cda71f,pmt_fe9a4da5b7,858.25,2026-01-02T09:10:25+00:00,Mumbai,wallet,1157,803.57,0,,fuel
txn_4d4f7150a1,cust_244f4a9fc8,merch_153644e3cb,dev_b51dbe46c8,ip_dce9a57b5c,pmt_8074171e50,1013.69,2026-01-02T09:11:34+00:00,Mumbai,wallet,479,903.48,0,,travel
txn_c7e7aeccdf,cust_6afffebad1,merch_3195323114,dev_688344d997,ip_67a84b569e,pmt_0f88095450,885.46,2026-01-02T09:16:09+00:00,Ahmedabad,upi,127,877.10,0,,grocery
txn_442a2edfc3,cust_30fe59a36b,merch_73b110adea,dev_b86450d625,ip_4a2dd1bade,pmt_7bb886b69d,788.01,2026-01-02T09:16:45+00:00,Bengaluru,card,64,590.36,0,,grocery
txn_3a11131947,cust_0e037fd06d,merch_2a53c49e2e,dev_dbd3dce88b,ip_e2b42de5a8,pmt_8c2d0e9441,483.64,2026-01-02T09:25:11+00:00,Mumbai,card,887,463.40,0,,entertainment
txn_1aa0431e75,cust_068822d367,merch_2e589c17ff,dev_681e092203,ip_a93e4a74e1,pmt_6bacb1fd3c,514.12,2026-01-02T09:39:55+00:00,Pune,upi,239,422.76,0,,entertainment
txn_f6337bddc3,cust_1db63507e5,merch_218961bd9d,dev_c29844277a,ip_d15e94122f,pmt_534291f6d7,360.50,2026-01-02T09:50:26+00:00,Mumbai,upi,153,325.80,0,,grocery
txn_8071feeb00,cust_05bb7787dc,merch_1c7213e152,dev_d64ba541ab,ip_fc28df66fa,pmt_a3f6eaa5ed,590.26,2026-01-02T09:52:58+00:00,Kochi,card,1070,762.48,0,,grocery
txn_d7f62d6fdd,cust_4bc6a9c749,merch_98e81e8358,dev_452c705594,ip_f5892e55b7,pmt_63cc268006,1307.21,2026-01-02T10:01:53+00:00,Lucknow,upi,895,972.45,0,,jewelry
txn_2979704169,cust_77284beed3,merch_b87aa58f30,dev_1884241567,ip_641284c263,pmt_a8c37650e8,6493.30,2026-01-02T10:09:00+00:00,Kochi,upi,211,1982.76,0,,jewelry
txn_35d28e89a3,cust_f7cdc3716b,merch_6b13b81417,dev_e4d77c0800,ip_c4dd59b652,pmt_7fa2aa022e,1348.13,2026-01-02T10:10:46+00:00,Mumbai,wallet,32,1148.15,0,,jewelry
txn_efe2a9a2a6,cust_5bcbcf71a1,merch_0d677f499e,dev_be086e584d,ip_eb72e5478d,pmt_f0787df6e1,1536.66,2026-01-02T10:18:40+00:00,Pune,upi,257,1363.41,0,,fashion
txn_932d1d325e,cust_8b016c0492,merch_74fde6fdcd,dev_910ccb0cc1,ip_7b96811d20,pmt_7927e2ad42,492.90,2026-01-02T10:23:18+00:00,Delhi,wallet,36,322.51,0,,pharmacy
txn_d584f96d1b,cust_ccd9d3b853,merch_875a820e54,dev_cd5e0804e5,ip_f18d71ec7a,pmt_3ac327d7bf,106.60,2026-01-02T10:32:37+00:00,Jaipur,card,1305,180.68,0,,fashion
txn_ddbf5d4af5,cust_8085e98d9b,merch_74918e5372,dev_7c1a865dca,ip_d50c3a91fa,pmt_d472da91cd,1666.87,2026-01-02T10:46:30+00:00,Mumbai,card,340,1301.36,0,,fashion
txn_dccb8a874a,cust_9f2cb5381f,merch_9a99f623f5,dev_4a38914539,ip_e74c62a107,pmt_deee8eb1ed,615.40,2026-01-02T11:02:12+00:00,Chennai,upi,406,448.97,0,,jewelry
txn_e138791195,cust_9a8f57fc15,merch_7a02f17649,dev_841d1f4331,ip_087c497bc6,pmt_610ebda55a,710.26,2026-01-02T11:14:43+00:00,Mumbai,card,206,593.10,0,,fashion
txn_fa3b657580,cust_28670e0f3d,merch_b588adf2cf,dev_5f155c71db,ip_05dd0bc19a,pmt_26338dab35,402.90,2026-01-02T11:17:41+00:00,Lucknow,upi,1733,501.37,0,,fashion
txn_f45ba7d4cb,cust_cae61e19f8,merch_bf368185fd,dev_51710af428,ip_0c8c42c964,pmt_05547f27be,411.51,2026-01-02T11:27:58+00:00,Bengaluru,card,1180,541.29,0,,electronics
txn_dcc33d643d,cust_334eca1f83,merch_bcf79cde19,dev_067572fa57,ip_6dfdabed35,pmt_8ee2c0e34c,292.19,2026-01-02T11:36:36+00:00,Delhi,netbanking,540,276.95,0,,utilities
txn_9651cf903d,cust_c720328b77,merch_c2fb29e3be,dev_5cf7253979,ip_e5dd3412dd,pmt_c66c4cdf81,1191.25,2026-01-02T11:58:07+00:00,Ahmedabad,netbanking,714,554.14,0,,jewelry
txn_395ac6f074,cust_0243bc7959,merch_15dde57415,dev_a958fd49f2,ip_e29dc44253,pmt_63f64f39e1,1052.40,2026-01-02T12:01:00+00:00,Hyderabad,upi,35,1681.55,0,,electronics
txn_71fbb6d624,cust_02ff7404c0,merch_74918e5372,dev_8227295537,ip_3080ea89be,pmt_253dff4338,172.83,2026-01-02T12:02:11+00:00,Hyderabad,wallet,910,457.14,0,,fashion
txn_530b75e707,cust_e0e7372d56,merch_af480e66c1,dev_9b2ae924ce,ip_c7a352b340,pmt_7698b37778,2176.13,2026-01-02T12:03:34+00:00,Ahmedabad,netbanking,29,2230.74,0,,fashion
txn_b0fdf00067,cust_4c3823c60d,merch_bcf79cde19,dev_0147e35bb6,ip_b23759090b,pmt_2e502e9c3e,387.13,2026-01-02T12:03:56+00:00,Pune,upi,30,606.80,0,,utilities
txn_81b1ccefe5,cust_1bad6242b1,merch_b074f09044,dev_65fdf94609,ip_5d885dd063,pmt_c0f1bb2fb8,951.59,2026-01-02T12:19:05+00:00,Chennai,wallet,69,977.80,0,,fashion
txn_88c5f5fd34,cust_b0477d7e38,merch_b074f09044,dev_ca817eba00,ip_10b5eea832,pmt_0e97e68f81,842.12,2026-01-02T12:19:52+00:00,Chennai,upi,100,1090.94,0,,fashion
txn_1ddc3ef0c6,cust_b443130af6,merch_7019fa8b8c,dev_ff25e36030,ip_cf9773c288,pmt_1fec8d80c4,225.39,2026-01-02T12:28:25+00:00,Chandigarh,wallet,429,256.68,0,,pharmacy
txn_c24f6dc0cb,cust_73148a4c75,merch_c2fb29e3be,dev_8ccb4314dc,ip_b9acde43bf,pmt_b461e70f75,1036.72,2026-01-02T12:38:20+00:00,Lucknow,card,5,1365.99,0,,jewelry
txn_c29a16cf59,cust_7ded81a05b,merch_b588adf2cf,dev_c988e9bb6b,ip_b1554d9651,pmt_60c32c3e69,491.63,2026-01-02T12:47:26+00:00,Chennai,card,953,511.65,0,,fashion
txn_7fe6db02ab,cust_186e4282f1,merch_fb029a39e7,dev_ef68e09844,ip_eaae4c9f67,pmt_8d6d1520e7,371.47,2026-01-02T12:48:43+00:00,Chandigarh,upi,20,222.29,0,,entertainment
txn_f5b8e06828,cust_56521d60b5,merch_c22268fdce,dev_b720d4b140,ip_dd34501db7,pmt_f69427270b,1710.67,2026-01-02T13:08:16+00:00,Delhi,netbanking,50,1147.32,0,,utilities
txn_35be1c87df,cust_ea4c9236e5,merch_875a820e54,dev_891a5a4e50,ip_e62859a656,pmt_de5f386851,1626.54,2026-01-02T13:25:43+00:00,Delhi,card,95,1335.55,0,,fashion
txn_b5038ce33f,cust_fa1fabb8a8,merch_b074f09044,dev_e25370913b,ip_e5effa486d,pmt_3f90a4cd0a,1051.89,2026-01-02T13:54:19+00:00,Delhi,netbanking,370,659.14,0,,fashion
txn_4ee5319a1b,cust_03571b03fd,merch_b2b5b5932b,dev_b829a43e83,ip_3baf255da2,pmt_afc90304f3,2514.94,2026-01-02T14:00:49+00:00,Chennai,upi,1640,1870.90,0,,travel
txn_effcddb365,cust_aca4f53a88,merch_84cc6f6607,dev_a60d9445aa,ip_caad9227e1,pmt_1ddf20bcb5,3396.69,2026-01-02T14:11:41+00:00,Bengaluru,card,625,2759.03,0,,fuel
txn_7e84fc308d,cust_74ebb4edfb,merch_bf368185fd,dev_5ad3e079b2,ip_643e5274a5,pmt_e2d16e9366,499.94,2026-01-02T14:16:37+00:00,Lucknow,card,13,417.33,0,,electronics
txn_dd4d9ebff3,cust_f0dde11705,merch_20e44d8ca7,dev_6a434757b2,ip_cb931f20ca,pmt_2c3c4f4e2f,1088.21,2026-01-02T14:23:25+00:00,Kochi,upi,39,544.37,0,,utilities
txn_35e2fbc0b0,cust_efb78f81d3,merch_2e589c17ff,dev_40611f6c85,ip_5bba29f15e,pmt_27fd039849,808.60,2026-01-02T14:26:21+00:00,Bengaluru,wallet,320,511.63,0,,entertainment
txn_f2b63e000a,cust_657e977dcd,merch_20e44d8ca7,dev_07f9c4b157,ip_443f74e212,pmt_9e13c426d9,263.15,2026-01-02T14:26:29+00:00,Kolkata,card,46,356.36,0,,utilities
txn_d6795b9f60,cust_3a7466ffe4,merch_c2fb29e3be,dev_cdf04f4a37,ip_d97059b4a8,pmt_de4e62459c,609.00,2026-01-02T14:27:24+00:00,Bengaluru,netbanking,97,976.22,0,,jewelry
txn_da0be790c3,cust_074afb1fb4,merch_fb029a39e7,dev_0757f55099,ip_ce937455da,pmt_d0875405d8,1458.02,2026-01-02T14:31:42+00:00,Hyderabad,upi,38,872.53,0,,entertainment
txn_18e853e64f,cust_67ac09b012,merch_fb029a39e7,dev_3c7a5a14aa,ip_71180d45e6,pmt_a9fc70ee55,1113.73,2026-01-02T14:35:23+00:00,Chennai,card,1,1086.99,0,,entertainment
txn_e4a2dc9ae8,cust_37704eb853,merch_9a99f623f5,dev_afe5c0e49b,ip_9191b691ca,pmt_7343d7cfdb,742.07,2026-01-02T14:37:57+00:00,Jaipur,card,250,611.91,0,,jewelry
txn_da45826e16,cust_d520534a2a,merch_21e6ea0d08,dev_d90d07b547,ip_1dd5ecbd44,pmt_22d27e6f15,110.11,2026-01-02T14:39:07+00:00,Delhi,card,76,100.00,0,,electronics
txn_af0f011c68,cust_3119977dbd,merch_08cb85e737,dev_4a5db20ef9,ip_a3684e2465,pmt_53a7eb21fa,244.23,2026-01-02T14:44:00+00:00,Ahmedabad,upi,197,218.99,0,,electronics
txn_e8a8129139,cust_8cada06a24,merch_9b8a3e2865,dev_010df7fa2c,ip_e549d4b80b,pmt_1c758843c4,727.97,2026-01-02T14:54:50+00:00,Bengaluru,card,693,679.56,0,,entertainment
txn_eda0aa5fcc,cust_29a992b400,merch_bcf79cde19,dev_b2c7bbb290,ip_fcb4647e39,pmt_4aef612768,555.28,2026-01-02T15:13:16+00:00,Ahmedabad,card,493,364.49,0,,utilities
txn_5fe912bf02,cust_aaac17e49f,merch_cd686e79ec,dev_46899f4725,ip_553a61e923,pmt_0669b4cda7,822.15,2026-01-02T15:23:48+00:00,Kochi,wallet,817,592.11,0,,entertainment
txn_23fd898944,cust_b82397aee0,merch_cf45f9a363,dev_20206cadfd,ip_67406dbfee,pmt_81f7833263,472.35,2026-01-02T15:35:58+00:00,Hyderabad,card,162,381.52,0,,travel
txn_9f927dadf5,cust_a5418039f9,merch_b2b5b5932b,dev_e968977b4e,ip_03aac31d99,pmt_7290733eba,641.37,2026-01-02T15:38:41+00:00,Chennai,upi,439,850.95,0,,travel
txn_9569cec414,cust_8791fc9a1b,merch_98e81e8358,dev_d644c69821,ip_e5618cb8e0,pmt_62a1ea8d6f,904.99,2026-01-02T15:54:27+00:00,Mumbai,wallet,594,1694.82,0,,jewelry
txn_fc454485b4,cust_7114aedd0e,merch_2e589c17ff,dev_c9ce567c96,ip_9ec2362030,pmt_8c89130086,1503.22,2026-01-02T16:32:00+00:00,Chandigarh,upi,430,766.58,0,,entertainment
txn_fdf4965299,cust_5e7668ae49,merch_e913595253,dev_c97b4991ee,ip_addd3d4bf6,pmt_95e32f02e2,2019.37,2026-01-02T16:35:18+00:00,Jaipur,card,172,934.22,0,,pharmacy
txn_6b798ae745,cust_86a8319789,merch_6b13b81417,dev_f4bd265107,ip_a5efdb0c96,pmt_08e7cff29e,180.67,2026-01-02T16:37:05+00:00,Delhi,upi,38,253.51,0,,jewelry
txn_765435fb1b,cust_8f0b0cf113,merch_879f14a7e3,dev_eccd4454e3,ip_cd63a7cde3,pmt_3dc5d99f3e,1077.65,2026-01-02T16:45:52+00:00,Mumbai,wallet,426,921.80,0,,grocery
txn_018f53615f,cust_6b27ac1f62,merch_13c4d99849,dev_706494cc04,ip_580a5ab14a,pmt_ff843a74d0,1864.23,2026-01-02T16:47:09+00:00,Chandigarh,wallet,313,1495.56,0,,fashion
txn_b8f9a344a3,cust_b981b1dac5,merch_21e6ea0d08,dev_0e31c9ec38,ip_103f5e733e,pmt_873a7cc3fa,415.03,2026-01-02T16:49:24+00:00,Mumbai,wallet,5,422.75,0,,electronics
txn_c812e18c70,cust_50b4d2a836,merch_d5b415c871,dev_53c96ea0ab,ip_4695a01ee6,pmt_55c6cde41b,608.82,2026-01-02T16:57:21+00:00,Hyderabad,upi,323,427.32,0,,pharmacy
txn_74529e72ae,cust_801676f7d6,merch_b3cd51543f,dev_4f337a8e1e,ip_0380e5e537,pmt_74230baa40,1308.31,2026-01-02T17:14:37+00:00,Jaipur,card,108,1168.18,0,,fuel
txn_f4d3fa7b80,cust_f757614061,merch_9b8a3e2865,dev_3ec8beaab0,ip_d3ea3d0a22,pmt_79a57aed52,305.16,2026-01-02T17:25:40+00:00,Kolkata,netbanking,368,596.16,0,,entertainment
txn_4b694f3957,cust_b7ffbaeb59,merch_acb8176511,dev_1eb3d34858,ip_fd9ecd9181,pmt_1b0040d448,891.75,2026-01-02T18:00:11+00:00,Kochi,card,1854,897.16,0,,travel
txn_292cab00a3,cust_10aaf0935f,merch_74fde6fdcd,dev_dc8bb3990c,ip_f9a395e203,pmt_f78b849ab4,1031.70,2026-01-02T18:00:47+00:00,Bengaluru,wallet,554,1744.84,0,,pharmacy
txn_ad11d26378,cust_8e6073f517,merch_50552bde41,dev_2d5f194c5c,ip_bb1527c725,pmt_353d1a8f54,2738.79,2026-01-02T18:04:05+00:00,Jaipur,wallet,620,1223.63,0,,food_delivery
txn_6bef416d25,cust_9dcc4a138d,merch_c22268fdce,dev_65faf7f9fa,ip_03ef3230c1,pmt_dd042b0f26,601.04,2026-01-02T18:06:22+00:00,Pune,card,579,767.62,0,,utilities
txn_d7d7c48497,cust_f0ecfdbe49,merch_1c7213e152,dev_312724b8d1,ip_e3f3840d3c,pmt_677567a21d,670.77,2026-01-02T18:10:07+00:00,Lucknow,upi,170,805.13,0,,grocery
txn_d19301965b,cust_0a2d82b2f7,merch_b548ea499c,dev_342072ce8c,ip_4a38d149d2,pmt_b9224b19de,911.66,2026-01-02T18:35:33+00:00,Kochi,netbanking,59,878.24,0,,jewelry
txn_7644f2c3b0,cust_dd534af9ca,merch_218961bd9d,dev_b85d805a78,ip_e30eca757e,pmt_27417d44ba,1291.98,2026-01-02T18:40:01+00:00,Bengaluru,upi,52,950.44,0,,grocery
txn_70be64d6ad,cust_7a6b743b01,merch_dc49d9596e,dev_443ede76aa,ip_af18e1dcb0,pmt_cd0d46dea0,1518.81,2026-01-02T19:08:41+00:00,Hyderabad,wallet,204,1319.51,0,,entertainment
txn_392b425fcd,cust_71f5b113d0,merch_b588adf2cf,dev_9935513e4c,ip_a1b43aa677,pmt_dcf9ead07c,1038.54,2026-01-02T19:13:56+00:00,Chandigarh,upi,299,386.74,0,,fashion
txn_c30ac0cd61,cust_db6268694e,merch_15dde57415,dev_02cc7a7358,ip_7ed32f531f,pmt_ab3cec60a4,180.40,2026-01-02T19:17:54+00:00,Ahmedabad,upi,574,350.35,0,,electronics
txn_ae8f0e165a,cust_3573a7580c,merch_fb029a39e7,dev_1dc705f362,ip_bd2156d49e,pmt_7dc9f16c62,300.88,2026-01-02T19:37:52+00:00,Mumbai,netbanking,277,703.29,0,,entertainment
txn_8dfd238518,cust_7833be614a,merch_dec5f39188,dev_c12e29bda2,ip_0576e19e18,pmt_3e08a65e80,256.72,2026-01-02T19:44:15+00:00,Mumbai,wallet,5,390.12,0,,utilities
txn_f5af6cc195,cust_f186cc1dea,merch_c042cba3a4,dev_85c103c0a2,ip_672a12589d,pmt_f782443b87,578.58,2026-01-02T20:24:14+00:00,Bengaluru,wallet,915,826.00,0,,grocery
txn_a0b9604009,cust_bba28bdfac,merch_1a4e87dbaf,dev_16368d4c9e,ip_7ee1f68fb0,pmt_fec675ded3,1068.11,2026-01-02T20:45:55+00:00,Kolkata,wallet,95,893.49,0,,jewelry
txn_c51c6cd2a3,cust_24326feafd,merch_dec5f39188,dev_026b140f15,ip_73a3daff15,pmt_f9b477fded,1453.04,2026-01-02T20:47:57+00:00,Kolkata,upi,470,1039.27,0,,utilities
txn_e6c160a872,cust_7f9519f6a5,merch_816e30245a,dev_37f54f5ffa,ip_45301577fc,pmt_f3a764f4d1,323.75,2026-01-02T20:50:52+00:00,Jaipur,netbanking,155,399.21,0,,utilities
txn_b17f80ad89,cust_8c5aa82591,merch_5d7550a442,dev_9eb2fb6579,ip_9f87227fc2,pmt_995bee447c,692.06,2026-01-02T20:59:38+00:00,Chennai,card,80,457.73,0,,utilities
txn_f7c76aaf38,cust_7833be614a,merch_08cb85e737,dev_0ef75abf45,ip_0576e19e18,pmt_3e08a65e80,331.80,2026-01-02T21:06:10+00:00,Ahmedabad,card,5,390.12,0,,electronics
txn_1b74ec54bc,cust_38c71f7977,merch_c042cba3a4,dev_cdfddd32bf,ip_c2192fbf0b,pmt_ee302694d1,231.75,2026-01-02T21:13:21+00:00,Bengaluru,netbanking,245,252.02,0,,grocery
txn_bc31a343ea,cust_433b0cddb4,merch_af480e66c1,dev_855659bddc,ip_7b43acaad4,pmt_a6fb320fc5,576.90,2026-01-02T22:02:02+00:00,Kolkata,upi,84,1144.43,0,,fashion
txn_458c881e5d,cust_1afc2ff028,merch_cf45f9a363,dev_30eb7029ce,ip_0ad6129642,pmt_cacd38e46d,314.68,2026-01-02T22:04:36+00:00,Bengaluru,wallet,837,527.05,0,,travel
txn_9ea51b3d20,cust_a2fe6c5414,merch_5d7550a442,dev_b06e430302,ip_90bd6afb57,pmt_3c8492b79f,423.31,2026-01-02T22:04:42+00:00,Hyderabad,upi,616,469.79,0,,utilities
txn_ada7c9e22f,cust_6fc26bc538,merch_3b043d592f,dev_3cf84269d4,ip_0d2c7c6f82,pmt_771c50d69a,3018.78,2026-01-02T22:05:22+00:00,Delhi,netbanking,202,1806.04,0,,fuel
txn_50ebc4a82d,cust_e6c4d88831,merch_630f80b667,dev_baa09bae7a,ip_df1020f51c,pmt_6157d682d6,1521.74,2026-01-02T22:12:33+00:00,Pune,netbanking,1237,954.48,0,,electronics
txn_b37ddc6f66,cust_db629ce2fc,merch_3195323114,dev_22c7deada7,ip_83b2e7954e,pmt_c6042534d6,1024.29,2026-01-02T22:23:52+00:00,Mumbai,netbanking,389,734.48,0,,grocery
txn_c4d1a0778a,cust_95deac83e2,merch_29b7c55611,dev_375c238ac1,ip_d7f38c1a8c,pmt_122d84a312,610.90,2026-01-02T22:24:10+00:00,Kolkata,wallet,147,781.22,0,,fuel
txn_b37f526920,cust_e79244739c,merch_149267c045,dev_139bc6fab4,ip_e78123c3e0,pmt_9a3c2864c1,1596.79,2026-01-02T22:34:09+00:00,Delhi,upi,405,1595.22,0,,travel
txn_665144185e,cust_c06a6c87b3,merch_98e81e8358,dev_173918a904,ip_4a99dff6a9,pmt_1376b5d971,911.98,2026-01-02T22:35:05+00:00,Delhi,upi,136,325.47,1,,jewelry
txn_6912dae1eb,cust_056ef6f06c,merch_6f6cfb25aa,dev_a949d5a55d,ip_8dee0de723,pmt_bed9e05d3f,600.97,2026-01-02T22:41:25+00:00,Lucknow,card,111,671.94,0,,entertainment
txn_3db8ca5e47,cust_50b4d2a836,merch_0d677f499e,dev_53c96ea0ab,ip_4695a01ee6,pmt_55c6cde41b,443.94,2026-01-02T22:54:03+00:00,Hyderabad,netbanking,323,427.32,0,,fashion
txn_ede7ee3f29,cust_cd0b864bf0,merch_3423259716,dev_0f3f926cb9,ip_cfbb18fd48,pmt_03ca39c734,1441.54,2026-01-02T22:55:51+00:00,Chandigarh,upi,1022,1078.51,0,,fashion
txn_f15dee3d37,cust_aca4f53a88,merch_6f6cfb25aa,dev_a60d9445aa,ip_caad9227e1,pmt_1ddf20bcb5,1932.34,2026-01-02T23:03:22+00:00,Bengaluru,card,625,2759.03,0,,entertainment
txn_9dc4949b50,cust_f12b21d002,merch_dc49d9596e,dev_f6d87ce096,ip_2ec30bbf19,pmt_d1d6295967,668.87,2026-01-02T23:10:34+00:00,Kolkata,netbanking,1411,828.70,0,,entertainment
txn_ab77edeb6d,cust_b798815d73,merch_12bc92e5d0,dev_bdfb9e1f84,ip_b6916248c2,pmt_250e37f9a7,101.82,2026-01-02T23:18:17+00:00,Kochi,upi,443,144.57,0,,fashion
txn_6bc226f0a9,cust_6582fc19a0,merch_7a02f17649,dev_599f5e02c6,ip_b42e36a1b8,pmt_fc391c8bd6,993.22,2026-01-02T23:23:41+00:00,Pune,netbanking,16,1309.27,0,,fashion
txn_c2f4e08411,cust_9215dac3dd,merch_b074f09044,dev_175612a6d4,ip_85d31c4414,pmt_465457f012,2509.49,2026-01-02T23:25:29+00:00,Delhi,card,1234,1469.33,0,,fashion
txn_e2bc543b5f,cust_1559ad73c8,merch_218961bd9d,dev_77273c5fb3,ip_b4d315bc17,pmt_fab99afc61,351.28,2026-01-02T23:41:26+00:00,Lucknow,upi,447,373.94,0,,grocery
txn_282119800b,cust_97a79e578d,merch_86cc286a56,dev_30530125d4,ip_09c9bba275,pmt_07c566fdba,1610.26,2026-01-02T23:47:36+00:00,Kochi,wallet,1425,1088.88,0,,fashion
txn_309fba559a,cust_0b99566c61,merch_fb029a39e7,dev_7484e99b6b,ip_ee77124648,pmt_95a0ef7ce1,1530.04,2026-01-03T00:00:27+00:00,Kolkata,netbanking,319,1128.54,0,,entertainment
txn_697dbb0a4c,cust_e8cb5a7c91,merch_6b13b81417,dev_f0096a567c,ip_224406f9a7,pmt_db2dc3a140,167.46,2026-01-03T00:10:40+00:00,Kochi,netbanking,38,321.06,0,,jewelry
txn_8031069ae0,cust_9810cf1ca8,merch_21e6ea0d08,dev_9c61c1b4eb,ip_f41bd64879,pmt_861af7ac5e,1054.81,2026-01-03T00:14:19+00:00,Chandigarh,card,185,2820.66,0,,electronics
txn_16b79d8194,cust_2a76659b98,merch_29b7c55611,dev_435a783417,ip_6ccd2da6b4,pmt_5151f52274,874.09,2026-01-03T00:14:53+00:00,Bengaluru,netbanking,156,363.72,0,,fuel
txn_ed064be772,cust_a7b4a3fadd,merch_74fde6fdcd,dev_7b29ee2589,ip_6062b36a41,pmt_b3f30e76a2,1356.67,2026-01-03T00:28:57+00:00,Ahmedabad,netbanking,170,2342.10,0,,pharmacy
txn_efba011d07,cust_930b08d0e8,merch_93c07c678c,dev_5b3333b43e,ip_abb732e116,pmt_3bc4592da8,1646.36,2026-01-03T00:44:00+00:00,Bengaluru,card,79,801.01,0,,grocery
txn_27d4c0a2a2,cust_d10fc9ee62,merch_29816d48b6,dev_bf1fef392e,ip_9dffa52ed5,pmt_a04c5cac0b,2347.23,2026-01-03T00:47:43+00:00,Chandigarh,wallet,316,2078.04,0,,utilities
txn_a72295e3d6,cust_d2d124546c,merch_630f80b667,dev_4d7800b62d,ip_43fb70be69,pmt_69ea435e76,1047.89,2026-01-03T00:50:01+00:00,Ahmedabad,wallet,445,1076.41,0,,electronics
txn_738c7c1bd0,cust_172557ef07,merch_218961bd9d,dev_7c8e1cb9eb,ip_2ffcaee11d,pmt_236470f58d,558.35,2026-01-03T00:52:54+00:00,Bengaluru,upi,12,607.40,0,,grocery
txn_349629ef23,cust_380ddf7609,merch_c2fb29e3be,dev_e8680c54f4,ip_3a0d914395,pmt_ef1b265811,269.90,2026-01-03T01:00:11+00:00,Kochi,wallet,39,457.87,0,,jewelry
txn_77e1867181,cust_8401a249e0,merch_55130e6276,dev_974aaafbb1,ip_43ed2c1dcd,pmt_09c81414f8,2796.11,2026-01-03T01:04:31+00:00,Lucknow,netbanking,49,2623.70,0,,entertainment
txn_a5563ba9a4,cust_0788d9f07f,merch_cd686e79ec,dev_812cdbc640,ip_fcfd1eb17d,pmt_87a7eb618b,320.55,2026-01-03T01:17:06+00:00,Bengaluru,upi,35,556.16,0,,entertainment
txn_ffe42e3415,cust_ce93549607,merch_cac8d54855,dev_eb2728a938,ip_a8c1265c5b,pmt_203b650ce1,552.57,2026-01-03T01:22:45+00:00,Ahmedabad,wallet,57,460.10,0,,utilities
txn_2831e746a2,cust_b2447c7ea6,merch_5fef0ffeb1,dev_6f9aa19497,ip_04644b1cb5,pmt_412507d3ce,970.04,2026-01-03T01:44:25+00:00,Chandigarh,netbanking,299,1183.94,0,,utilities
txn_300c268ec6,cust_44e6789f0e,merch_6836db54d7,dev_94558e2ac6,ip_d1e23723ca,pmt_795b66ba8e,154.12,2026-01-03T02:05:29+00:00,Kochi,upi,47,221.24,0,,fuel
txn_fa862541ee,cust_b7fc9cef70,merch_3c23fe8cfe,dev_a4fa5db5a5,ip_2b46bffa81,pmt_14fda13e7b,142.12,2026-01-03T02:24:44+00:00,Kolkata,wallet,193,100.00,0,,fashion
txn_ec192ca609,cust_a62cd12cd9,merch_55130e6276,dev_66feba196e,ip_3f27caa1ba,pmt_6561249cb2,930.24,2026-01-03T02:28:23+00:00,Mumbai,wallet,71,1100.33,0,,entertainment
txn_7b3eeff683,cust_a0f68f1f2a,merch_3b043d592f,dev_7fd869735a,ip_263d35d474,pmt_ec04f8abf8,1092.59,2026-01-03T02:37:05+00:00,Mumbai,card,438,870.94,0,,fuel
txn_9f244e76bb,cust_c8e2eb0387,merch_08cb85e737,dev_b5b95efbdf,ip_de63b21b98,pmt_e8a809dc34,368.48,2026-01-03T02:50:48+00:00,Chennai,card,1599,531.78,0,,electronics
txn_8616dca940,cust_3669cc348e,merch_20e44d8ca7,dev_f9686df676,ip_8d37fc657e,pmt_08e3d30cb3,2121.95,2026-01-03T02:52:33+00:00,Lucknow,upi,819,1651.53,0,,utilities
txn_d6a194eacd,cust_aaff31c35a,merch_53c044e34e,dev_026d5f0434,ip_8f78908a07,pmt_893a834365,376.78,2026-01-03T03:01:58+00:00,Kochi,wallet,962,321.18,0,,entertainment
txn_a5e2897d1b,cust_08d3f437e0,merch_0d677f499e,dev_a2b30d6b33,ip_e939fde3c9,pmt_66129a68e5,315.24,2026-01-03T03:06:38+00:00,Mumbai,card,822,350.49,0,,fashion
txn_1fb406d5a6,cust_2619347284,merch_21e6ea0d08,dev_03b804e41b,ip_64298952ee,pmt_125002f052,1045.18,2026-01-03T03:24:02+00:00,Bengaluru,card,595,563.68,0,,electronics
txn_d6f843019e,cust_83abd76ae2,merch_3423259716,dev_55c9221370,ip_a7952b96e2,pmt_a8e89579cd,732.93,2026-01-03T03:51:34+00:00,Lucknow,card,179,670.28,0,,fashion
txn_5148d4e8a5,cust_d9e801d297,merch_08cb85e737,dev_66e523f956,ip_d3019c77d6,pmt_02ffb31ce1,800.71,2026-01-03T03:51:52+00:00,Chandigarh,wallet,67,1034.74,0,,electronics
txn_95596db0bb,cust_c957ce7929,merch_7b950a0080,dev_1cb77bbcca,ip_9f54b0e506,pmt_870abdf926,311.28,2026-01-03T03:55:22+00:00,Chandigarh,upi,183,288.28,0,,food_delivery
txn_f81d7cc2cd,cust_ccd92d1814,merch_7a02f17649,dev_31548d4988,ip_0013633e5d,pmt_b335840c45,645.29,2026-01-03T04:45:38+00:00,Bengaluru,netbanking,229,793.38,0,,fashion
txn_62429fe08c,cust_d42a62e2eb,merch_29b7c55611,dev_52828bcc08,ip_dc33e04dbd,pmt_35d8933869,61.76,2026-01-03T05:05:03+00:00,Mumbai,netbanking,482,100.22,0,,fuel
txn_2ba05bcc8f,cust_0920751bda,merch_3423259716,dev_c583e118c2,ip_73df4c3055,pmt_9b89bb3881,488.06,2026-01-03T05:19:47+00:00,Pune,card,131,366.04,0,,fashion
txn_183fcd235a,cust_9bd2846453,merch_bf368185fd,dev_cae55381d8,ip_4836966b19,pmt_505e3444b3,811.04,2026-01-03T05:29:38+00:00,Mumbai,netbanking,169,782.03,0,,electronics
txn_5f9f675d61,cust_4c4f14f509,merch_4fce905382,dev_e67b7cdbc8,ip_f1225ab775,pmt_a7ee7389ce,307.26,2026-01-03T05:44:32+00:00,Chennai,upi,121,481.31,0,,utilities
txn_57c08b1ad5,cust_b79199c5f5,merch_3c23fe8cfe,dev_81a8a48735,ip_b741c47df2,pmt_a72a4e8e41,762.59,2026-01-03T05:48:15+00:00,Kochi,card,161,389.78,0,,fashion
txn_fb8002dc75,cust_aaf29ab421,merch_fb029a39e7,dev_dcfda8672e,ip_0fb743a43d,pmt_70107c2c59,1101.91,2026-01-03T05:52:13+00:00,Chennai,wallet,371,930.98,0,,entertainment
txn_527d5cdc5c,cust_058498ce17,merch_af480e66c1,dev_2c1cbc0a0a,ip_c6fae79382,pmt_25a50a952f,6050.38,2026-01-03T05:56:10+00:00,Pune,netbanking,313,3683.40,0,,fashion
txn_e706190a06,cust_229f0a24ed,merch_21e6ea0d08,dev_45c11f69af,ip_b3d899f533,pmt_41b1c00ca2,491.62,2026-01-03T06:14:58+00:00,Mumbai,wallet,180,501.59,0,,electronics
txn_7425608eeb,cust_2e4de7fab6,merch_b643779044,dev_4e09f0dbe1,ip_8507b48a10,pmt_874c86e491,700.58,2026-01-03T06:16:43+00:00,Kolkata,wallet,275,877.57,0,,grocery
txn_79126dc53e,cust_f757614061,merch_cf45f9a363,dev_08958b082d,ip_d3ea3d0a22,pmt_79a57aed52,761.13,2026-01-03T06:17:58+00:00,Kolkata,netbanking,368,596.16,0,,travel
txn_80714e790b,cust_acda4b88c4,merch_53c044e34e,dev_84ca7581ce,ip_0f56ee1c18,pmt_4061157cb9,708.93,2026-01-03T06:29:43+00:00,Mumbai,card,38,986.65,0,,entertainment
txn_29999e56fb,cust_e7e34fd289,merch_3b8ab97346,dev_60d5a3b71c,ip_d38819d110,pmt_6e6a4cba1f,573.03,2026-01-03T06:31:25+00:00,Chennai,netbanking,40,654.32,0,,entertainment
txn_7ba985f209,cust_e1aa682480,merch_6f6cfb25aa,dev_2baf1ece06,ip_0847485370,pmt_f677fd122e,452.43,2026-01-03T07:00:45+00:00,Kolkata,wallet,136,317.53,0,,entertainment
txn_62492e1ab7,cust_0a2d82b2f7,merch_72bd418f58,dev_554b5f0e0c,ip_4a38d149d2,pmt_b9224b19de,943.27,2026-01-03T07:27:07+00:00,Kochi,netbanking,59,878.24,0,,electronics
txn_9253be034a,cust_f9e526c953,merch_3423259716,dev_b353444087,ip_2a789420c9,pmt_4abc8abc38,777.24,2026-01-03T07:33:52+00:00,Kolkata,upi,129,565.39,0,,fashion
txn_402ae24bb5,cust_785578cc10,merch_816e30245a,dev_09d5db7b11,ip_95c5a8c43b,pmt_a24c41691c,8000.00,2026-01-03T07:38:19+00:00,Bengaluru,card,2,143.95,1,,utilities
txn_ff7f726707,cust_1bad6242b1,merch_0018ded378,dev_2c9da9fbc3,ip_855b534be5,pmt_39bfa81e29,804.45,2026-01-03T07:42:38+00:00,Chennai,wallet,69,977.80,0,,pharmacy
txn_7706f2a94e,cust_dc2fc80c0d,merch_55130e6276,dev_8a6684ec50,ip_73043ab533,pmt_a9268ec69d,813.24,2026-01-03T07:43:53+00:00,Ahmedabad,card,349,677.34,0,,entertainment
txn_3032c054c7,cust_ca81ce34ee,merch_2a53c49e2e,dev_c4cfe0a998,ip_c19f2a804b,pmt_5c267ea8a1,1427.87,2026-01-03T07:53:58+00:00,Chennai,upi,2496,972.63,0,,entertainment
txn_fd82949f25,cust_f780e57f44,merch_7a02f17649,dev_bd7b9a1c2c,ip_475ff88f56,pmt_89ae948812,574.94,2026-01-03T07:57:27+00:00,Chandigarh,wallet,1100,1134.61,0,,fashion
txn_d98a1ad369,cust_9ba92cb850,merch_74918e5372,dev_5f00963202,ip_e026487e13,pmt_821d942969,143.17,2026-01-03T08:05:13+00:00,Kolkata,wallet,71,250.17,0,,fashion
txn_ae8f9edfcf,cust_3a1c0b8041,merch_eb9d5ebaf4,dev_3d5cc314de,ip_a557ebf64a,pmt_f0f6ca058d,7632.73,2026-01-03T08:07:25+00:00,Pune,card,429,4753.79,0,,electronics
txn_021683933c,cust_20d0f00bd1,merch_affbcbf6fb,dev_0403e663a7,ip_af10308804,pmt_0fc57b716d,1231.56,2026-01-03T08:21:04+00:00,Ahmedabad,wallet,641,1719.41,0,,travel
txn_8d03541ae3,cust_09144705fc,merch_dc3f7ac002,dev_338882760d,ip_2289536cd2,pmt_192dbc8846,353.93,2026-01-03T08:33:50+00:00,Bengaluru,card,429,275.84,0,,entertainment
txn_57ecc99170,cust_cb229eb475,merch_50552bde41,dev_9f0e861818,ip_9d9c3041d0,pmt_f3e0ee594a,347.19,2026-01-03T08:43:30+00:00,Delhi,upi,253,233.31,0,,food_delivery
txn_1f0ebc7198,cust_9440dc6b54,merch_dc3f7ac002,dev_90d097ff7e,ip_ced31555d9,pmt_cc23722b05,723.15,2026-01-03T08:45:53+00:00,Hyderabad,netbanking,58,727.17,0,,entertainment
txn_d6f17e1f9a,cust_d96badb87b,merch_dc3f7ac002,dev_1486c38e6b,ip_4c190abe6c,pmt_813438f942,189.88,2026-01-03T08:48:13+00:00,Bengaluru,wallet,827,272.08,0,,entertainment
txn_9acc8630e1,cust_4afb8447d7,merch_b548ea499c,dev_7177fedac1,ip_b217b58f53,pmt_b26ec1f1b2,352.02,2026-01-03T09:27:42+00:00,Mumbai,card,428,403.78,0,,jewelry
txn_69e32d4019,cust_b16522fb9a,merch_7019fa8b8c,dev_0dc6c6ac74,ip_b6672a7566,pmt_cf7fd356eb,578.99,2026-01-03T10:02:39+00:00,Ahmedabad,upi,414,821.70,0,,pharmacy
txn_6c3f0c5909,cust_ca01dad482,merch_0d677f499e,dev_94e8ae5c77,ip_3ea5f59fee,pmt_b32217e1f2,1172.15,2026-01-03T10:03:40+00:00,Chandigarh,wallet,198,1171.43,0,,fashion
txn_3ff6f22b1d,cust_033f7c60a3,merch_cd686e79ec,dev_74c1aa2c2d,ip_170be2191f,pmt_6fbff2b43b,2118.80,2026-01-03T10:16:17+00:00,Pune,upi,363,1049.66,0,,entertainment
txn_85269f5036,cust_a1a8ebc377,merch_153644e3cb,dev_d387872ded,ip_3b99062eb1,pmt_953f25a240,808.90,2026-01-03T10:30:02+00:00,Lucknow,card,791,514.91,0,,travel
txn_0b764aa674,cust_cae61e19f8,merch_0d677f499e,dev_51710af428,ip_0c8c42c964,pmt_05547f27be,894.06,2026-01-03T10:37:57+00:00,Bengaluru,netbanking,1180,541.29,0,,fashion
txn_cda87d946c,cust_92bcbc37c2,merch_74918e5372,dev_51761af18a,ip_6298c851bf,pmt_23bbcf3d00,681.11,2026-01-03T10:49:28+00:00,Kochi,wallet,474,583.63,0,,fashion
txn_18c9bdebfb,cust_47c21c593a,merch_630f80b667,dev_629fec9d46,ip_bee6bc33e4,pmt_66b5d2590a,2491.47,2026-01-03T10:49:31+00:00,Ahmedabad,wallet,756,1090.70,0,,electronics
txn_21e4b66e49,cust_a0f68f1f2a,merch_cf45f9a363,dev_7fd869735a,ip_263d35d474,pmt_ec04f8abf8,782.08,2026-01-03T10:50:34+00:00,Mumbai,netbanking,438,870.94,0,,travel
txn_d420d8670f,cust_f7bd21ae1f,merch_cf45f9a363,dev_61ad76b9fe,ip_7eae603f9b,pmt_50fe63f760,498.97,2026-01-03T11:00:38+00:00,Hyderabad,wallet,762,418.97,0,,travel
txn_76d20133bb,cust_d2c9f53c32,merch_6b13b81417,dev_de119e3677,ip_0daee3fe57,pmt_56b19a7300,1091.31,2026-01-03T11:11:58+00:00,Chennai,upi,562,1644.94,0,,jewelry
txn_31fba15c0e,cust_0d3f71db26,merch_29816d48b6,dev_143be4fa26,ip_893c136421,pmt_ba0b35a44a,1335.83,2026-01-03T11:30:33+00:00,Chandigarh,netbanking,10,711.10,0,,utilities
txn_8d4331a847,cust_b41869a93c,merch_3195323114,dev_115c7d1779,ip_c3a5e292b8,pmt_7922ad9544,519.95,2026-01-03T11:42:40+00:00,Chennai,netbanking,27,714.33,0,,grocery
txn_e2fd69ca02,cust_76b1c9ad5e,merch_816e30245a,dev_45adfcec2a,ip_d8dfe85ee8,pmt_faceb9f3e6,368.50,2026-01-03T11:59:33+00:00,Hyderabad,wallet,1357,275.57,0,,utilities
txn_b8ea3e5ac6,cust_501061a06b,merch_816e30245a,dev_00840aedbe,ip_04fcc66c1c,pmt_1231543ee5,1355.78,2026-01-03T12:08:41+00:00,Chandigarh,wallet,7,1110.17,0,,utilities
txn_d1a3b7a290,cust_bd69ecf36a,merch_c22268fdce,dev_ca56c611e6,ip_384d0ebe7b,pmt_a9318351ae,668.49,2026-01-03T12:09:12+00:00,Kochi,wallet,243,1130.53,0,,utilities
txn_095af8ec28,cust_8074a99712,merch_53c044e34e,dev_790aa01c79,ip_eece10fb6f,pmt_f1f3614fd7,199.14,2026-01-03T12:18:09+00:00,Pune,upi,629,271.76,0,,entertainment
txn_8c5817dba8,cust_84967b4ebe,merch_c22268fdce,dev_d117692c8e,ip_249f0ce828,pmt_e6279f0841,1122.49,2026-01-03T12:18:35+00:00,Mumbai,netbanking,24,570.23,0,,utilities
txn_8d87e2f8d4,cust_97562a3f68,merch_3c23fe8cfe,dev_b22ff5aa77,ip_7a1621b128,pmt_16bd154594,507.60,2026-01-03T12:23:28+00:00,Pune,wallet,658,1263.22,0,,fashion
txn_2428b6f0ab,cust_541180d195,merch_73b110adea,dev_720f8e4345,ip_1a9cc55c2d,pmt_c13a250009,702.95,2026-01-03T12:31:30+00:00,Lucknow,upi,275,650.94,0,,grocery
txn_b4851815a9,cust_e0109d60b8,merch_0d677f499e,dev_132c3ff373,ip_073bba2f8d,pmt_b9c5e635b5,127.17,2026-01-03T12:34:28+00:00,Bengaluru,card,292,120.61,0,,fashion
txn_3f3dff6b9d,cust_ee7aaa7026,merch_dc3f7ac002,dev_7ae9a90e6b,ip_cb1439e181,pmt_a98d81b80d,1157.26,2026-01-03T12:39:20+00:00,Ahmedabad,netbanking,525,428.14,0,,entertainment
txn_920f6211ce,cust_f362a973a7,merch_bcf79cde19,dev_76ce9e5f12,ip_e64c66bb35,pmt_c3cc0f0ee9,1417.17,2026-01-03T13:08:05+00:00,Kolkata,upi,1040,692.42,0,,utilities
txn_a6ad694b6c,cust_3746b8c637,merch_993b9e2f43,dev_7d84a058f5,ip_70be0ee6bc,pmt_e6c2aad4da,379.75,2026-01-03T13:08:27+00:00,Jaipur,upi,327,542.99,0,,utilities
txn_750c56ef84,cust_8a1f264125,merch_68ce248b11,dev_dc75d7916b,ip_39493608e9,pmt_afd95617cd,622.56,2026-01-03T13:12:19+00:00,Bengaluru,upi,29,960.00,0,,grocery
txn_78a14098af,cust_102b41c285,merch_bf368185fd,dev_22647ec7c2,ip_3f3f12f166,pmt_ef658e3818,2237.97,2026-01-03T13:18:55+00:00,Hyderabad,card,262,2381.39,0,,electronics
txn_c67fe46bf4,cust_be2565110d,merch_9bfdc3e901,dev_220313a74f,ip_13ef318b61,pmt_94f117904c,250.37,2026-01-03T13:25:29+00:00,Delhi,wallet,1315,214.75,0,,grocery
txn_7b8c5dc1fb,cust_d989dbce2b,merch_d651e12a02,dev_50222dc3c6,ip_f690403cca,pmt_9bdbc7ca6e,489.16,2026-01-03T13:32:51+00:00,Kolkata,upi,196,1389.16,0,,fashion
txn_1ec9f8ed64,cust_2ff87e48e2,merch_53c044e34e,dev_88e9dcde51,ip_5a13823349,pmt_cdccb586f8,538.86,2026-01-03T13:34:57+00:00,Ahmedabad,upi,322,661.84,0,,entertainment
txn_c5f9e116f4,cust_81b648738b,merch_7b950a0080,dev_166a5e13de,ip_3d5aebb200,pmt_872a2c0bf3,775.64,2026-01-03T13:36:08+00:00,Hyderabad,upi,730,642.31,0,,food_delivery
txn_6c53db7727,cust_340801ec7c,merch_86cc286a56,dev_b142f6c955,ip_0f223fe539,pmt_2fde3efad7,545.35,2026-01-03T13:47:36+00:00,Mumbai,netbanking,23,485.79,0,,fashion
txn_9eaf96c19d,cust_7bb59eaa47,merch_20e44d8ca7,dev_63c5616e33,ip_e85aa681cc,pmt_48e5e81a88,2481.47,2026-01-03T13:52:55+00:00,Chennai,netbanking,225,3188.11,0,,utilities
txn_cf86a94e99,cust_5ab7b9e9e3,merch_76949dba68,dev_eb782b6da1,ip_6e16137b93,pmt_2b3747687f,2702.67,2026-01-03T14:27:38+00:00,Bengaluru,wallet,169,1246.97,0,,entertainment
txn_208cfef08e,cust_56045381a6,merch_4cfa6dbbd7,dev_37b836b81b,ip_8b2bc9fde0,pmt_c7b9e044bb,469.32,2026-01-03T14:29:47+00:00,Hyderabad,netbanking,129,371.19,0,,travel
txn_a1bccf2afb,cust_e32c8b0fae,merch_3423259716,dev_a0467f6963,ip_35d1c1b40c,pmt_95a49a18ca,470.97,2026-01-03T14:30:06+00:00,Hyderabad,wallet,43,864.84,0,,fashion
txn_30a5dc3282,cust_e567a4ae17,merch_f944312123,dev_6d4110298a,ip_2ee5908ee8,pmt_f757d189e2,1635.95,2026-01-03T14:30:24+00:00,Lucknow,netbanking,67,1863.19,0,,fuel
txn_bce9ae0092,cust_e2ba4530be,merch_993b9e2f43,dev_559429471b,ip_22d791b280,pmt_88479d2998,506.06,2026-01-03T14:34:10+00:00,Kolkata,card,1817,462.76,0,,utilities
txn_fb0e7b0247,cust_8c3105184a,merch_fb029a39e7,dev_544f11eed2,ip_9434c129ec,pmt_cbd3684a1f,2332.87,2026-01-03T14:44:13+00:00,Chandigarh,upi,1031,3752.83,0,,entertainment
txn_7ed28729dc,cust_15db1f86b0,merch_5fef0ffeb1,dev_3c1f4f5481,ip_f1271197cc,pmt_b16c3d3766,2466.31,2026-01-03T14:45:05+00:00,Ahmedabad,card,354,731.88,0,,utilities
txn_f90051e56b,cust_d8932b2040,merch_4cfa6dbbd7,dev_6266b6d438,ip_f6218bc341,pmt_87b02033e2,576.52,2026-01-03T15:08:47+00:00,Chennai,upi,711,763.79,0,,travel
txn_65eefefbeb,cust_b56f64dece,merch_dd847da09d,dev_230602d79c,ip_5256725fc4,pmt_9d06bdbfad,1386.36,2026-01-03T15:10:30+00:00,Kolkata,upi,1360,1403.97,0,,food_delivery
txn_d2392b8de4,cust_23ed98f73e,merch_3b8ab97346,dev_ae52d21d27,ip_2d11a3cd74,pmt_67bed160f4,122.04,2026-01-03T15:14:50+00:00,Jaipur,netbanking,877,230.22,0,,entertainment
txn_0ac90f1c74,cust_72e04c9158,merch_cd686e79ec,dev_fb0f330020,ip_73af317a6f,pmt_c7a4ce2b78,365.33,2026-01-03T15:18:10+00:00,Kolkata,netbanking,525,712.08,0,,entertainment
txn_c7e5f9b110,cust_ef2d93aa41,merch_74fde6fdcd,dev_01d08e754f,ip_759bd913a6,pmt_f60af79cc8,2626.97,2026-01-03T15:19:52+00:00,Delhi,card,137,1971.04,0,,pharmacy
txn_03e0e7fdfb,cust_06417822ea,merch_8d74118aac,dev_f529f86979,ip_0c0067412c,pmt_03fa997f72,2585.25,2026-01-03T15:21:18+00:00,Mumbai,wallet,918,1035.24,0,,travel
txn_bb89f73264,cust_c720328b77,merch_d5b415c871,dev_5cf7253979,ip_e5dd3412dd,pmt_ac3eb4fd27,759.92,2026-01-03T15:30:48+00:00,Ahmedabad,netbanking,714,554.14,0,,pharmacy
txn_aacaf732f0,cust_8be8bb7b71,merch_08cb85e737,dev_1f8a83cff8,ip_a136998c42,pmt_b9dae823c3,640.82,2026-01-03T15:34:59+00:00,Lucknow,wallet,1019,614.16,0,,electronics
txn_e986c6b968,cust_c9ad6ed4a1,merch_3c23fe8cfe,dev_ef4d71674d,ip_e479a9f99a,pmt_9d16d26f14,405.72,2026-01-03T15:36:05+00:00,Mumbai,wallet,122,528.64,0,,fashion
txn_cb784ddc82,cust_a3898173cd,merch_98e81e8358,dev_bd473deb12,ip_cb82d68cc0,pmt_5dd2f414a6,1154.54,2026-01-03T15:37:20+00:00,Pune,card,110,784.14,0,,jewelry
txn_984616f2c1,cust_69bb00477d,merch_72bd418f58,dev_ccf324f702,ip_c09cab2b67,pmt_f516b9b2c0,494.63,2026-01-03T15:42:06+00:00,Kolkata,wallet,70,649.28,0,,electronics
txn_a774482104,cust_21e373980f,merch_b588adf2cf,dev_12ebcb71fd,ip_e958a70113,pmt_b52df409a4,325.85,2026-01-03T16:18:51+00:00,Kochi,netbanking,88,524.62,0,,fashion
txn_a2ff1a586b,cust_bdb73ca50d,merch_74fde6fdcd,dev_e63f76a153,ip_905d55ca2d,pmt_c3cda64d10,1710.64,2026-01-03T16:22:41+00:00,Bengaluru,upi,259,1727.45,0,,pharmacy
txn_b3f90447ac,cust_7b33071986,merch_93c07c678c,dev_f1c5764959,ip_9e8d6809db,pmt_9736890a13,1543.13,2026-01-03T16:56:05+00:00,Chennai,card,11,1960.81,0,,grocery
txn_97ffe525c5,cust_565ecb5491,merch_816e30245a,dev_6604044e7d,ip_ec75a86a4b,pmt_977a7d2f2f,248.83,2026-01-03T16:58:01+00:00,Delhi,card,2,253.80,0,,utilities
txn_b550a04c4a,cust_7664383819,merch_b3cd51543f,dev_cd89f11583,ip_64c441f944,pmt_31b48c9a89,435.86,2026-01-03T16:59:15+00:00,Bengaluru,wallet,162,320.00,0,,fuel
txn_8b37d41cf6,cust_7a9c4411d6,merch_15dde57415,dev_a6a21be5df,ip_cc17790483,pmt_637915dedc,202.06,2026-01-03T17:04:46+00:00,Hyderabad,wallet,298,221.46,0,,electronics
txn_caabf0cc5d,cust_c9ce0430db,merch_023d4ac6fc,dev_50fe06d6ef,ip_871bd3aacc,pmt_ee06401b4d,272.23,2026-01-03T17:12:51+00:00,Hyderabad,wallet,417,233.30,0,,pharmacy
txn_dae4acc667,cust_4a4a6af978,merch_966aed08f2,dev_514afe9648,ip_83489f3891,pmt_123942a14b,535.92,2026-01-03T17:27:07+00:00,Mumbai,wallet,60,379.50,0,,grocery
txn_741300d386,cust_da3de74b90,merch_b3cd51543f,dev_8a9a3fe0d4,ip_04b7834428,pmt_f3086a2400,624.83,2026-01-03T17:29:04+00:00,Kolkata,upi,1368,1035.87,0,,fuel
txn_aa4713ab63,cust_aac5223800,merch_7a02f17649,dev_63c9b1a52d,ip_9e4688d8c2,pmt_e1834d5e88,1317.01,2026-01-03T17:39:26+00:00,Mumbai,wallet,30,1170.17,0,,fashion
txn_caa0771b76,cust_242c9c7d7f,merch_b643779044,dev_a23d646479,ip_69c47959ae,pmt_92f7b306ab,1010.88,2026-01-03T17:39:46+00:00,Ahmedabad,wallet,346,784.32,0,,grocery
txn_532c534241,cust_21e373980f,merch_74918e5372,dev_12ebcb71fd,ip_4b407e559d,pmt_293235c731,812.48,2026-01-03T17:48:33+00:00,Kochi,card,88,524.62,0,,fashion
txn_8013c52697,cust_0819acf7a4,merch_2e589c17ff,dev_9a8fff8f0f,ip_fd673b8811,pmt_d3a5248876,1771.87,2026-01-03T17:52:17+00:00,Delhi,upi,734,673.26,0,,entertainment
txn_9ac5df1255,cust_b60b11179a,merch_b074f09044,dev_fbcdf56656,ip_50baf4259b,pmt_b0a8cd06be,648.93,2026-01-03T17:53:24+00:00,Ahmedabad,upi,12,1381.08,0,,fashion
txn_5095d4e65e,cust_2ec77ba207,merch_b643779044,dev_20f3d9fc3f,ip_890f6ad887,pmt_b393c988f6,367.27,2026-01-03T18:00:31+00:00,Hyderabad,card,1068,449.57,0,,grocery
txn_ac0fb6b0b6,cust_67ac7fd5c8,merch_93c07c678c,dev_9c1f07236d,ip_a26f020cbc,pmt_9a09fe9087,1289.32,2026-01-03T18:13:03+00:00,Ahmedabad,upi,594,1167.37,0,,grocery
txn_2e927563f7,cust_08d8af9990,merch_68ce248b11,dev_41f89e5b5a,ip_2f1b3a7036,pmt_e2225e53e8,207.08,2026-01-03T18:19:51+00:00,Ahmedabad,netbanking,179,154.61,0,,grocery
txn_33eff2501f,cust_d9ca35dd1e,merch_9a99f623f5,dev_68239e1a43,ip_090e80660d,pmt_6ddf5236c8,516.69,2026-01-03T18:21:14+00:00,Lucknow,netbanking,1037,689.38,0,,jewelry
txn_ec8eb6af67,cust_20c811e431,merch_72bd418f58,dev_0b8937f059,ip_ed9cf4ba0e,pmt_af19473e4d,534.79,2026-01-03T18:31:19+00:00,Kochi,card,282,458.66,0,,electronics
txn_ec99230351,cust_6fd6f8fa42,merch_9bfdc3e901,dev_4e0cd38771,ip_c90f924a8d,pmt_ac5e6a545f,1242.31,2026-01-03T18:34:25+00:00,Lucknow,wallet,399,866.60,0,,grocery
txn_efaa42841d,cust_adc25f8848,merch_09a38eb2da,dev_5d2b00e1a8,ip_7ca8ff6193,pmt_17f5478217,4908.33,2026-01-03T18:36:39+00:00,Delhi,wallet,527,5662.79,0,,travel
txn_96ef60d70d,cust_bc6fc018d8,merch_9a99f623f5,dev_4df98ed47e,ip_f81e3e30dd,pmt_c7063e2f7e,342.84,2026-01-03T18:47:19+00:00,Hyderabad,card,620,271.65,0,,jewelry
txn_3ed48ad11d,cust_b3fd2353d1,merch_1a4e87dbaf,dev_58b7be5d25,ip_a3629a1150,pmt_274ac39f26,720.06,2026-01-03T18:48:12+00:00,Kochi,card,274,368.61,0,,jewelry
txn_0751b6adc1,cust_44f593dbc4,merch_9e610a3b92,dev_77a8af6715,ip_42be501dc9,pmt_4507f6fd67,3189.62,2026-01-03T19:03:14+00:00,Bengaluru,wallet,12,1940.15,0,,fuel
txn_446c35de64,cust_a88be85a0e,merch_7a02f17649,dev_f45a196e67,ip_1424fc9e4d,pmt_2b0a24a503,559.23,2026-01-03T19:14:14+00:00,Chandigarh,netbanking,1237,1024.64,0,,fashion
txn_c875d79b81,cust_0d931b4f7b,merch_400d8b41e8,dev_909f12df0e,ip_18c1e21dc5,pmt_9a262a3720,2948.03,2026-01-03T19:23:47+00:00,Bengaluru,wallet,214,1756.18,0,,jewelry
txn_0215061620,cust_9688445faf,merch_eb9d5ebaf4,dev_1328af9c16,ip_b775249fe0,pmt_c2abdd1a73,2078.62,2026-01-03T19:24:16+00:00,Pune,upi,264,1273.86,0,,electronics
txn_77b8d42eab,cust_fe4dc5a087,merch_3195323114,dev_2d56103a94,ip_2fd0e4703e,pmt_3d180f1aeb,411.52,2026-01-03T19:30:30+00:00,Chandigarh,wallet,708,840.07,0,,grocery
txn_add2c41cc9,cust_60f3344152,merch_a4649a3467,dev_ee92f8ac87,ip_291c6af56e,pmt_7041a3c63f,1168.97,2026-01-03T19:41:32+00:00,Hyderabad,card,36,1200.17,0,,fuel
txn_1618b18bb0,cust_74bdd164f7,merch_023d4ac6fc,dev_5d1f264b33,ip_0f986fc8e6,pmt_54953fecea,1259.02,2026-01-03T19:53:39+00:00,Pune,wallet,483,1242.65,0,,pharmacy
txn_8bbd506431,cust_910dbd39ce,merch_93c07c678c,dev_544a2747e4,ip_9eb5c08924,pmt_25f6c76b78,310.26,2026-01-03T20:40:13+00:00,Bengaluru,upi,33,233.19,0,,grocery
txn_87d941d64f,cust_3cc9fd020d,merch_3b8ab97346,dev_19c1c8bd3d,ip_34ac93cd6d,pmt_e6d4e5794d,402.48,2026-01-03T20:45:55+00:00,Ahmedabad,wallet,4,418.12,0,,entertainment
txn_dab5a84dfd,cust_751b4f1804,merch_84cc6f6607,dev_22017d1965,ip_faf8327b07,pmt_c074776661,442.96,2026-01-03T20:46:57+00:00,Kochi,wallet,146,809.55,0,,fuel
txn_86e004ac1b,cust_7ffc531c30,merch_76949dba68,dev_0df4432631,ip_ca05899bdd,pmt_0eacd19128,1099.51,2026-01-03T21:01:12+00:00,Bengaluru,wallet,1342,791.05,0,,entertainment
txn_7036c3c0a8,cust_3660fceab1,merch_eb9d5ebaf4,dev_94f243af5e,ip_8ae3878bd6,pmt_4a824dbce0,117.89,2026-01-03T21:03:17+00:00,Chennai,netbanking,797,130.61,0,,electronics
txn_6cd73aa674,cust_47c10e84c9,merch_0e78f7bcdf,dev_893b3eac00,ip_3989ef3b8d,pmt_d46260f4c6,4178.13,2026-01-03T21:15:48+00:00,Bengaluru,wallet,93,2195.35,0,,fashion
txn_7fe2eed8e3,cust_81b648738b,merch_f82df4effe,dev_166a5e13de,ip_3d5aebb200,pmt_872a2c0bf3,1599.79,2026-01-03T21:34:12+00:00,Hyderabad,upi,730,642.31,0,,entertainment
txn_cfce056b7e,cust_dc0ad8b47e,merch_b3cd51543f,dev_a02786e328,ip_a13e888996,pmt_83d5b37e6f,1761.97,2026-01-03T21:34:19+00:00,Lucknow,card,376,1581.19,0,,fuel
txn_e47b9c65e3,cust_ca01dad482,merch_76949dba68,dev_94e8ae5c77,ip_6ad2d4b991,pmt_b32217e1f2,839.36,2026-01-03T21:36:32+00:00,Chandigarh,wallet,198,1171.43,0,,entertainment
txn_c267bac572,cust_08bb048281,merch_b548ea499c,dev_bcda8178d1,ip_d73d2a8061,pmt_3c8743257e,791.03,2026-01-03T21:41:58+00:00,Delhi,netbanking,657,569.32,0,,jewelry
txn_b49d0b7920,cust_d1fd223466,merch_acb8176511,dev_997afab4df,ip_d9023059a5,pmt_b7b70a200b,812.38,2026-01-03T21:45:30+00:00,Chandigarh,upi,622,864.87,0,,travel
txn_7c86c3ec84,cust_3d7b792781,merch_fb029a39e7,dev_31688045df,ip_7b256d1658,pmt_b22a2dfcac,742.23,2026-01-03T22:00:46+00:00,Pune,wallet,1732,631.79,0,,entertainment
txn_89e93c044b,cust_f7a3f6786c,merch_1a4e87dbaf,dev_010e1dd24a,ip_741037a1a5,pmt_eca5fe3a8d,1743.91,2026-01-03T22:02:21+00:00,Hyderabad,upi,332,736.68,0,,jewelry
txn_34a686c300,cust_05bb7787dc,merch_93c07c678c,dev_d64ba541ab,ip_fc28df66fa,pmt_a3f6eaa5ed,1106.94,2026-01-03T22:19:07+00:00,Kochi,card,1070,762.48,0,,grocery
txn_8e0bec708c,cust_7b90e49c28,merch_a10f564b80,dev_deec5175ff,ip_27c1dd2f29,pmt_74c91fa443,2089.95,2026-01-03T22:26:28+00:00,Chandigarh,card,259,1663.48,0,,grocery
txn_71396dd4f1,cust_366cbb9de6,merch_a4649a3467,dev_dc97b89df2,ip_ee6dab715b,pmt_6185fc6c91,1788.82,2026-01-03T22:30:14+00:00,Chandigarh,upi,208,1858.75,0,,fuel
txn_4bf6723a53,cust_de3c9a8e21,merch_993b9e2f43,dev_4fa193313b,ip_93c5af5e9f,pmt_caf4703fd4,395.11,2026-01-03T22:32:20+00:00,Chennai,card,632,773.45,0,,utilities
txn_7f9b9c9c14,cust_fd8c8b9508,merch_73b110adea,dev_74b352bfce,ip_21fb72ddea,pmt_83218d0adb,1067.24,2026-01-03T22:41:49+00:00,Jaipur,card,452,606.34,0,,grocery
txn_5265cf70d7,cust_c4f2b0027f,merch_dc49d9596e,dev_2e975b7250,ip_7c1cc941b4,pmt_d1775e173c,572.98,2026-01-03T22:48:39+00:00,Delhi,card,479,659.54,0,,entertainment
txn_79d3047b17,cust_7f66782547,merch_15dde57415,dev_63da698053,ip_ad0bb0de26,pmt_071f173c02,310.55,2026-01-03T23:04:00+00:00,Bengaluru,card,628,381.97,0,,electronics
txn_cdd3430b24,cust_8be8bb7b71,merch_09a38eb2da,dev_1f8a83cff8,ip_a136998c42,pmt_f4cf475b00,926.34,2026-01-03T23:11:51+00:00,Lucknow,wallet,1019,614.16,0,,travel
txn_044530495a,cust_8bde1cea74,merch_affbcbf6fb,dev_d6269be7d2,ip_5f591b2a0d,pmt_fcf8ad1617,5517.49,2026-01-03T23:12:24+00:00,Lucknow,upi,14,4915.79,0,,travel
txn_b750231fcd,cust_d42a62e2eb,merch_3423259716,dev_52828bcc08,ip_dc33e04dbd,pmt_c962097dd3,77.21,2026-01-03T23:14:27+00:00,Mumbai,netbanking,482,100.22,0,,fashion
txn_9c3ce75175,cust_a4d95f9479,merch_c042cba3a4,dev_dba4d0ee37,ip_8f73a256a4,pmt_07e449511a,536.53,2026-01-04T00:07:16+00:00,Bengaluru,card,71,873.00,0,,grocery
txn_46fa5a34a3,cust_081ad7c92b,merch_5d7550a442,dev_63f6931158,ip_f473ff4498,pmt_9d302a36e2,1314.96,2026-01-04T00:28:24+00:00,Bengaluru,netbanking,27,1355.44,0,,utilities
txn_067ccd6041,cust_bf16abdd12,merch_7019fa8b8c,dev_dcf079d262,ip_75dfaf85d9,pmt_5a1914d299,511.98,2026-01-04T00:29:03+00:00,Jaipur,netbanking,548,431.06,0,,pharmacy
txn_3ee173821e,cust_ab077e0124,merch_4096571ef3,dev_053b1f8d3e,ip_39298f6fef,pmt_3d10b09122,1465.33,2026-01-04T00:32:18+00:00,Kochi,card,307,2736.53,0,,entertainment
txn_132f973b3f,cust_c49a2f92c4,merch_af480e66c1,dev_2628d2869c,ip_10d4818e69,pmt_ee3d458b30,1078.89,2026-01-04T00:36:10+00:00,Pune,upi,65,1124.21,0,,fashion
txn_deb81db6c4,cust_9970c286cc,merch_74918e5372,dev_fd8572bb19,ip_88b6fb6691,pmt_36bd79a65c,475.50,2026-01-04T00:38:16+00:00,Pune,wallet,437,305.73,0,,fashion
txn_f9ea4f1e63,cust_8085e98d9b,merch_00be0b6b49,dev_7c1a865dca,ip_1f6dbeaced,pmt_d472da91cd,1244.68,2026-01-04T00:46:14+00:00,Jaipur,upi,340,1301.36,0,,electronics
txn_17e2c0e2e2,cust_b8f4592831,merch_09a38eb2da,dev_6a8fd99584,ip_be2cc18e21,pmt_d7f9c94a96,347.03,2026-01-04T00:51:02+00:00,Delhi,netbanking,73,400.60,0,,travel
txn_c7bfad5b94,cust_903211e77d,merch_218961bd9d,dev_333914f50d,ip_ee976a5321,pmt_a30fcf5b7d,789.41,2026-01-04T00:56:20+00:00,Kochi,netbanking,316,676.11,0,,grocery
txn_2ed208a60e,cust_1aa968f3a1,merch_cac8d54855,dev_7702ba1505,ip_3ac13a0280,pmt_c58464a4ed,463.44,2026-01-04T01:06:21+00:00,Kolkata,netbanking,530,274.88,0,,utilities
txn_f9f2d30ea2,cust_a0f68f1f2a,merch_023d4ac6fc,dev_7fd869735a,ip_263d35d474,pmt_ec04f8abf8,1076.90,2026-01-04T01:11:30+00:00,Mumbai,card,438,870.94,0,,pharmacy
txn_7d81147b28,cust_881a8ac1c5,merch_5d7550a442,dev_31b7b9dfc6,ip_d7c8cea1a0,pmt_4dc9dc7e62,880.37,2026-01-04T01:13:49+00:00,Lucknow,netbanking,63,934.47,0,,utilities
txn_1e3af3e624,cust_0c6afc780a,merch_3423259716,dev_a8a52e8f6d,ip_fd8c4c0b53,pmt_372d8a6103,2500.37,2026-01-04T01:16:55+00:00,Chennai,card,1273,2722.41,0,,fashion
txn_d290f3cfd2,cust_75386fb284,merch_7a02f17649,dev_fcfa4c6a96,ip_c2aa078276,pmt_4dce7f823c,300.75,2026-01-04T01:20:44+00:00,Lucknow,upi,825,428.53,0,,fashion
txn_507e6ff7b9,cust_8be8bb7b71,merch_153644e3cb,dev_1f8a83cff8,ip_a136998c42,pmt_b9dae823c3,922.99,2026-01-04T01:30:57+00:00,Lucknow,upi,1019,614.16,0,,travel
txn_ffcb5c4e5c,cust_ccef2816be,merch_acb8176511,dev_efd4d43fb9,ip_1543faf139,pmt_091364ca7d,440.59,2026-01-04T02:21:58+00:00,Mumbai,card,427,625.80,0,,travel
txn_7c15296fee,cust_bed9de72d1,merch_eb9d5ebaf4,dev_f409a975b0,ip_59d37aef80,pmt_340651d97f,926.13,2026-01-04T02:39:47+00:00,Hyderabad,upi,342,667.62,0,,electronics
txn_d8d17cdf13,cust_bbf8b0b0fc,merch_72bd418f58,dev_51141f47c9,ip_999383ad74,pmt_42ef42f8fb,368.76,2026-01-04T03:19:53+00:00,Mumbai,netbanking,690,256.68,0,,electronics
txn_288c06d3ed,cust_e7fff31fce,merch_08cb85e737,dev_58a56a6f4b,ip_667423cb9d,pmt_efd01f6a99,868.24,2026-01-04T03:30:40+00:00,Kochi,upi,510,777.56,0,,electronics
txn_46e78d407e,cust_517b1200b3,merch_b074f09044,dev_d0d19c4ac4,ip_6147aa9eb1,pmt_b98560d8eb,348.15,2026-01-04T03:32:14+00:00,Kolkata,card,74,374.17,0,,fashion
txn_193751f7e3,cust_6bfc7661db,merch_affbcbf6fb,dev_3625fcd6a0,ip_f7282f227b,pmt_cd568b78f8,4228.07,2026-01-04T03:53:25+00:00,Kolkata,upi,32,1525.84,0,,travel
txn_366156774b,cust_e6bd1c5e3b,merch_dec5f39188,dev_438a48c600,ip_071a3101e7,pmt_408c3959a0,643.77,2026-01-04T04:24:46+00:00,Ahmedabad,card,166,401.96,0,,utilities
txn_0ae9c74d96,cust_44f80e7466,merch_74fde6fdcd,dev_b9b5d68776,ip_97b02db490,pmt_61692fe1f7,187.73,2026-01-04T04:33:15+00:00,Delhi,wallet,579,372.99,0,,pharmacy
txn_fe789e511d,cust_776ab5c9d1,merch_879f14a7e3,dev_1b86112e7d,ip_45c97a24c3,pmt_23f2d43d8d,1968.21,2026-01-04T04:34:46+00:00,Lucknow,card,190,1286.67,0,,grocery
txn_3b95f601ea,cust_7c584a2b01,merch_f82df4effe,dev_ad6441eca7,ip_062024feb4,pmt_b1254ff1c3,1404.28,2026-01-04T04:41:16+00:00,Bengaluru,wallet,144,798.56,0,,entertainment
txn_2c2fdd8e30,cust_7ec518949b,merch_5843fe5054,dev_ea8690648b,ip_2a744f8f84,pmt_4d2edc6bd2,222.39,2026-01-04T04:43:49+00:00,Ahmedabad,netbanking,324,247.41,0,,grocery
txn_e72253b931,cust_586277e508,merch_3c23fe8cfe,dev_ffaae53998,ip_bce3500788,pmt_19d46082bd,385.69,2026-01-04T04:44:57+00:00,Ahmedabad,card,1435,846.60,0,,fashion
txn_7e7d0a6334,cust_f4045cf0ae,merch_55130e6276,dev_832f56cdeb,ip_53811842e3,pmt_3a28c47efa,171.54,2026-01-04T04:55:00+00:00,Pune,upi,17,204.40,0,,entertainment
txn_724e100d56,cust_229f0a24ed,merch_966aed08f2,dev_dc631a72c5,ip_b3d899f533,pmt_41b1c00ca2,705.33,2026-01-04T04:55:46+00:00,Mumbai,wallet,180,501.59,0,,grocery
txn_6f226a4622,cust_6104ef3a1f,merch_c2fb29e3be,dev_0b366a5011,ip_0a18d6ba8e,pmt_61bb39c395,1017.30,2026-01-04T05:03:49+00:00,Kolkata,card,706,807.63,0,,jewelry
txn_9350d0d64f,cust_7ac214eaeb,merch_bcf79cde19,dev_0fffcca195,ip_3ca0069dbe,pmt_e330bf36fa,675.10,2026-01-04T05:04:32+00:00,Chennai,card,295,913.34,0,,utilities
txn_e47eba2afc,cust_234d221794,merch_00be0b6b49,dev_2b192c5fb8,ip_975af5f461,pmt_b89aa3337d,2506.05,2026-01-04T05:11:58+00:00,Mumbai,wallet,671,1865.95,0,,electronics
txn_13a660afee,cust_269561dd20,merch_0e78f7bcdf,dev_b653bcb7c5,ip_c7821e0d7c,pmt_4384904660,1207.50,2026-01-04T05:34:43+00:00,Hyderabad,wallet,373,996.96,0,,fashion
txn_608f39c671,cust_cf7712d101,merch_12bc92e5d0,dev_20162fa6a0,ip_225d7d68ef,pmt_e021106f44,667.27,2026-01-04T05:38:33+00:00,Bengaluru,upi,852,625.86,0,,fashion
txn_18f37e3250,cust_fe4dc5a087,merch_3c23fe8cfe,dev_a34977e614,ip_2fd0e4703e,pmt_3d180f1aeb,643.22,2026-01-04T05:39:09+00:00,Jaipur,wallet,708,840.07,0,,fashion
txn_6c1e721cee,cust_c49a2f92c4,merch_9e610a3b92,dev_2628d2869c,ip_d125304e29,pmt_0778bb7888,1435.33,2026-01-04T05:39:14+00:00,Pune,upi,65,1124.21,0,,fuel
txn_986240aac5,cust_c0f90d5d0f,merch_53c044e34e,dev_6683c99aba,ip_548cafd8bd,pmt_ff1c2d69f8,192.08,2026-01-04T05:43:05+00:00,Jaipur,wallet,827,158.36,0,,entertainment
txn_66a32bdba8,cust_72e54e4e33,merch_cac8d54855,dev_9c14396c0c,ip_6bd98024dc,pmt_cc0ad72968,761.12,2026-01-04T05:43:43+00:00,Bengaluru,netbanking,80,822.32,0,,utilities
txn_d74d85516c,cust_9c44cd8eaf,merch_1a4e87dbaf,dev_6b8d058822,ip_252ed12a1e,pmt_9792c2beff,1520.19,2026-01-04T05:49:16+00:00,Chandigarh,netbanking,429,1641.55,0,,jewelry
txn_2ed3f2871e,cust_79689ddb49,merch_3b043d592f,dev_31c6d0d62f,ip_0158b62684,pmt_e17f62bbb5,447.98,2026-01-04T05:51:36+00:00,Lucknow,wallet,238,645.68,0,,fuel
txn_978801c903,cust_8a0b20d689,merch_6b13b81417,dev_d472f88644,ip_b28377c80a,pmt_1badf29614,50.33,2026-01-04T05:54:25+00:00,Bengaluru,card,325,125.60,0,,jewelry
txn_b37f99a8be,cust_776ab5c9d1,merch_816e30245a,dev_1b86112e7d,ip_45c97a24c3,pmt_23f2d43d8d,1211.65,2026-01-04T06:03:54+00:00,Lucknow,card,190,1286.67,0,,utilities
txn_b451a67b6a,cust_6b27ac1f62,merch_3c23fe8cfe,dev_706494cc04,ip_557f2ac77c,pmt_ff843a74d0,1471.03,2026-01-04T06:44:19+00:00,Chandigarh,wallet,313,1495.56,0,,fashion
txn_989c0b61cc,cust_28f3439805,merch_29816d48b6,dev_ddad509b8e,ip_f54a3c5f31,pmt_a6e2ae3396,359.44,2026-01-04T06:45:31+00:00,Mumbai,card,366,907.48,0,,utilities
txn_db1a2d89d6,cust_24a637b7bb,merch_20e44d8ca7,dev_306c3255aa,ip_9ad58679cd,pmt_f592f5e432,541.87,2026-01-04T06:50:27+00:00,Kochi,card,261,689.72,0,,utilities
txn_a86e2a4cef,cust_7160671cc4,merch_c22268fdce,dev_a224274566,ip_d24f70ea4b,pmt_0c424951ab,1162.50,2026-01-04T06:50:34+00:00,Bengaluru,upi,574,951.32,0,,utilities
txn_7e51de3434,cust_9bd2846453,merch_2e589c17ff,dev_cae55381d8,ip_4836966b19,pmt_16e8fa5775,728.01,2026-01-04T07:13:45+00:00,Mumbai,netbanking,169,782.03,0,,entertainment
txn_250aa2f753,cust_0fa4613031,merch_48ebb81d43,dev_aa44442604,ip_b1149b3f0a,pmt_f5501dc893,514.93,2026-01-04T07:30:18+00:00,Ahmedabad,upi,219,420.83,0,,pharmacy
txn_d44a5f5645,cust_06309386e1,merch_f810bf5b6d,dev_f01e740530,ip_4947115373,pmt_88305dc720,181.90,2026-01-04T07:35:31+00:00,Pune,wallet,116,125.41,0,,food_delivery
txn_25cad18c8f,cust_47c10e84c9,merch_76949dba68,dev_893b3eac00,ip_da1e54bcd7,pmt_8bdd65f7ec,1733.94,2026-01-04T07:38:44+00:00,Bengaluru,wallet,93,2195.35,0,,entertainment
txn_323db11835,cust_ddffb53f05,merch_08cb85e737,dev_9260054ae5,ip_8d49148f97,pmt_96cab50245,1315.11,2026-01-04T07:39:07+00:00,Mumbai,upi,1104,787.74,0,,electronics
txn_642ca227e9,cust_047d2a49eb,merch_3423259716,dev_0ff6189d07,ip_61278d5e4d,pmt_a74fcfd25e,259.48,2026-01-04T07:42:03+00:00,Kochi,netbanking,557,420.73,0,,fashion
txn_204fb17489,cust_f5982c84bd,merch_bcf79cde19,dev_961634b71f,ip_292fa3336b,pmt_6fa700e169,171.25,2026-01-04T07:45:47+00:00,Lucknow,upi,290,174.01,0,,utilities
txn_75b41f8211,cust_72832f30ec,merch_1c7213e152,dev_b4a8a40ccd,ip_45bab1fba9,pmt_8dbbf9eb8d,343.84,2026-01-04T07:49:57+00:00,Delhi,wallet,616,570.99,0,,grocery
txn_a7ba07d454,cust_acd6407fa1,merch_73b110adea,dev_d9da1e46bf,ip_69ed9c2255,pmt_8515cb4c78,1039.16,2026-01-04T07:53:55+00:00,Kolkata,upi,93,697.56,0,,grocery
txn_1af16b142d,cust_a621ad7c5c,merch_eb9d5ebaf4,dev_1388c28f97,ip_c8aca4be5d,pmt_7f61b7b634,660.33,2026-01-04T07:59:46+00:00,Pune,wallet,453,791.21,0,,electronics
txn_2a5d9f1538,cust_c0f90d5d0f,merch_6b13b81417,dev_6683c99aba,ip_095c24047e,pmt_ff1c2d69f8,159.79,2026-01-04T08:08:59+00:00,Jaipur,wallet,827,158.36,0,,jewelry
txn_c1782536b4,cust_de3c9a8e21,merch_b87aa58f30,dev_4fa193313b,ip_9455a9ddbb,pmt_caf4703fd4,755.76,2026-01-04T08:38:16+00:00,Chennai,card,632,773.45,0,,jewelry
txn_e78281fcc4,cust_fd8c8b9508,merch_0e78f7bcdf,dev_74b352bfce,ip_21fb72ddea,pmt_83218d0adb,419.78,2026-01-04T08:49:29+00:00,Jaipur,card,452,606.34,0,,fashion
txn_f3931b9673,cust_609dae6f0e,merch_3b043d592f,dev_f64752d97a,ip_d98d2541cd,pmt_4afadcb631,1035.82,2026-01-04T08:54:05+00:00,Kolkata,netbanking,917,867.13,0,,fuel
txn_a98f09f02c,cust_e7aba72376,merch_2a53c49e2e,dev_b058f2786c,ip_555b12bc76,pmt_6a549620bf,361.50,2026-01-04T08:58:59+00:00,Mumbai,netbanking,415,410.31,0,,entertainment
txn_5af55a69b0,cust_a1504d9b6b,merch_dc49d9596e,dev_3b0fb06d5e,ip_81d1a3c9a3,pmt_732890baed,531.22,2026-01-04T09:03:24+00:00,Pune,card,208,934.08,0,,entertainment
txn_c4b1760372,cust_892c2db987,merch_0d677f499e,dev_77015c7cbb,ip_d7494d59fc,pmt_dd358e7f05,249.90,2026-01-04T09:04:08+00:00,Lucknow,upi,407,164.31,0,,fashion
txn_10c25066c8,cust_422bec270d,merch_b3cd51543f,dev_ca76f454ea,ip_10f48494f1,pmt_7cd5f2eed9,435.05,2026-01-04T09:05:02+00:00,Jaipur,netbanking,36,712.17,0,,fuel
txn_18adaaf22d,cust_54317d2f9a,merch_c22268fdce,dev_b6cdcd7e9b,ip_7ba1a3a91b,pmt_daa217fa80,350.79,2026-01-04T09:11:34+00:00,Lucknow,wallet,99,321.94,0,,utilities
txn_9b5555b5b0,cust_2c8787c454,merch_7019fa8b8c,dev_177e83c9b3,ip_2e4cb77cc3,pmt_39ba387ec9,187.43,2026-01-04T09:28:24+00:00,Bengaluru,wallet,54,418.49,0,,pharmacy
txn_d5223f5e7a,cust_c49a2f92c4,merch_76949dba68,dev_2628d2869c,ip_d125304e29,pmt_0778bb7888,1080.11,2026-01-04T09:28:41+00:00,Pune,upi,65,1124.21,0,,entertainment
txn_ac44b4fca7,cust_f1985c9b45,merch_7b950a0080,dev_d1cec1bea7,ip_0739236bd6,pmt_691a85c0b9,356.78,2026-01-04T09:31:07+00:00,Mumbai,upi,35,329.75,0,,food_delivery
txn_c7d81d5b0d,cust_c1968ca48f,merch_09a38eb2da,dev_b529abd877,ip_50f7dff9f8,pmt_30e6a78c2a,1758.75,2026-01-04T09:33:30+00:00,Lucknow,upi,112,2014.21,0,,travel
txn_c5fc2c505d,cust_6502c53b94,merch_0d677f499e,dev_9ba22c8aec,ip_88e9c1b0ca,pmt_e7225ef685,484.20,2026-01-04T09:41:13+00:00,Kochi,netbanking,234,346.63,0,,fashion
txn_0e88100fe8,cust_a98cd64055,merch_72bd418f58,dev_feb43520bc,ip_4ee85c3700,pmt_a5061ea913,151.44,2026-01-04T09:42:45+00:00,Jaipur,wallet,893,269.48,0,,electronics
txn_b553571c8d,cust_1762bc0796,merch_20e44d8ca7,dev_8779b4e565,ip_56e27ff536,pmt_e737500cc5,4154.32,2026-01-04T09:53:13+00:00,Chandigarh,netbanking,170,2228.64,0,,utilities
txn_80338f135e,cust_9a28798ad7,merch_1a4e87dbaf,dev_c94e450332,ip_292fbe5380,pmt_3533d6cd98,505.94,2026-01-04T10:06:18+00:00,Lucknow,wallet,1366,1124.49,0,,jewelry
txn_c9a0cac015,cust_a78e31244f,merch_879f14a7e3,dev_11b8e398b3,ip_53336ba01c,pmt_c0bd394727,2744.78,2026-01-04T10:08:28+00:00,Jaipur,card,118,1800.11,0,,grocery
txn_965c2b9fda,cust_b4f95b1bd0,merch_0018ded378,dev_38bd6a1df7,ip_4b79ab7021,pmt_dd6da2e8d1,499.33,2026-01-04T10:16:58+00:00,Kochi,upi,677,613.48,0,,pharmacy
txn_831f291d53,cust_0d931b4f7b,merch_38716f0aba,dev_e4796966e2,ip_18c1e21dc5,pmt_9a262a3720,1404.03,2026-01-04T10:18:47+00:00,Bengaluru,wallet,214,1756.18,0,,food_delivery
txn_069a80b767,cust_d17f0baaae,merch_5fef0ffeb1,dev_fb05017d68,ip_b815bf49e2,pmt_c68c78c08a,881.91,2026-01-04T10:26:46+00:00,Chandigarh,netbanking,659,1013.00,0,,utilities
txn_58edb8fc4d,cust_24028c07c5,merch_2e589c17ff,dev_0fff7f3f47,ip_c247da6f67,pmt_d4eddef94a,647.67,2026-01-04T10:30:32+00:00,Kolkata,wallet,23,687.15,0,,entertainment
txn_3eac6bcd4a,cust_84967b4ebe,merch_08cb85e737,dev_857fca1b9b,ip_249f0ce828,pmt_c76afc1c3b,743.14,2026-01-04T10:37:24+00:00,Mumbai,netbanking,24,570.23,0,,electronics
txn_171a9987d0,cust_657e977dcd,merch_5d7550a442,dev_07f9c4b157,ip_0e1896114e,pmt_9e13c426d9,337.95,2026-01-04T10:37:27+00:00,Kolkata,card,46,356.36,0,,utilities
txn_552f02b03c,cust_cea86e29ed,merch_153644e3cb,dev_8d946f24f1,ip_331efadee1,pmt_f6e0074193,245.99,2026-01-04T10:41:13+00:00,Hyderabad,wallet,30,423.90,0,,travel
txn_bf80d35671,cust_a7e5aee5a6,merch_48ebb81d43,dev_429bbdb746,ip_2c781cc279,pmt_878c651108,208.27,2026-01-04T10:46:51+00:00,Jaipur,netbanking,411,308.66,0,,pharmacy
txn_2bfff1c829,cust_8e36bce418,merch_6f6cfb25aa,dev_c0ed53cd01,ip_aae7e20df6,pmt_5e9195add7,614.82,2026-01-04T10:54:20+00:00,Jaipur,card,142,697.36,0,,entertainment
txn_e16096da8e,cust_1b75241d46,merch_0e78f7bcdf,dev_bde731be33,ip_a390b84201,pmt_f2158dab4a,3957.16,2026-01-04T10:58:25+00:00,Pune,card,290,1863.87,0,,fashion
txn_b0d2361be0,cust_5c7b69106b,merch_08cb85e737,dev_fc1a64a1c8,ip_c013a6982c,pmt_3eab6a6425,568.35,2026-01-04T11:03:32+00:00,Jaipur,card,323,486.70,0,,electronics
txn_8e63d522f7,cust_3a9e8c405d,merch_15dde57415,dev_07465f910f,ip_08492d8afd,pmt_2e3715e663,2176.72,2026-01-04T11:21:20+00:00,Ahmedabad,netbanking,510,1175.72,0,,electronics
txn_13051bc049,cust_fb4db8bad8,merch_acb8176511,dev_600ce327d5,ip_a635a72ba1,pmt_d1cc417d20,214.84,2026-01-04T11:32:31+00:00,Pune,upi,965,263.94,0,,travel
txn_70c79cdd96,cust_b1a20ad175,merch_53c044e34e,dev_bdab844899,ip_bfd4407f3c,pmt_55a804ccae,423.40,2026-01-04T11:39:50+00:00,Jaipur,card,150,686.94,0,,entertainment
txn_29026acd2d,cust_a8adb7aa50,merch_b3cd51543f,dev_d8095d4fba,ip_3683428689,pmt_4198bfe584,505.37,2026-01-04T11:40:19+00:00,Hyderabad,netbanking,172,683.70,0,,fuel
txn_7e95f278e8,cust_666921963b,merch_98e81e8358,dev_a281716c51,ip_173d8e671c,pmt_864cbd11fa,553.22,2026-01-04T11:46:04+00:00,Chandigarh,netbanking,155,709.15,0,,jewelry
txn_4ec0070993,cust_86a8319789,merch_b87aa58f30,dev_f4bd265107,ip_a5efdb0c96,pmt_08e7cff29e,226.16,2026-01-04T11:47:34+00:00,Kolkata,upi,38,253.51,0,,jewelry
txn_a500a57cbd,cust_70e80b3146,merch_5843fe5054,dev_f1a3fbb932,ip_aa6cb91260,pmt_97ac4e90fb,3796.96,2026-01-04T11:49:47+00:00,Delhi,netbanking,754,2009.08,0,,grocery
txn_c3fbf8f1b0,cust_d79f223333,merch_993b9e2f43,dev_754912f475,ip_e58a362110,pmt_0e5c479dce,140.41,2026-01-04T11:56:39+00:00,Pune,netbanking,339,136.69,0,,utilities
txn_f2884376d6,cust_de7180ba84,merch_dc3f7ac002,dev_43e134186c,ip_c9331d06ed,pmt_6f02d09485,913.18,2026-01-04T12:21:35+00:00,Lucknow,upi,145,979.61,0,,entertainment
txn_b2e7e6bf4c,cust_a087dca356,merch_879f14a7e3,dev_a9f7dede4f,ip_52b4e9bc5a,pmt_9e1dc196c7,140.49,2026-01-04T12:35:33+00:00,Delhi,netbanking,140,176.41,0,,grocery
txn_8cbf3cdabb,cust_86a8319789,merch_b3cd51543f,dev_f4bd265107,ip_a5efdb0c96,pmt_7083377b03,271.41,2026-01-04T12:45:57+00:00,Kolkata,upi,38,253.51,0,,fuel
txn_0e0fda6981,cust_cda1bc2408,merch_20e44d8ca7,dev_3aa5318f72,ip_f3c9aa5b3e,pmt_1008315c6d,1218.50,2026-01-04T13:04:03+00:00,Chennai,wallet,282,668.10,0,,utilities
txn_eb08cb6a67,cust_6a25c889c6,merch_f82df4effe,dev_e18bb4b62a,ip_e914b9318e,pmt_767d2aed1f,188.15,2026-01-04T13:17:46+00:00,Ahmedabad,card,209,268.96,0,,entertainment
txn_3a678a97ea,cust_6a0ac548ea,merch_f82df4effe,dev_05802ccc42,ip_1d67516056,pmt_5b84c69dc9,815.62,2026-01-04T13:35:56+00:00,Lucknow,wallet,68,473.23,0,,entertainment
txn_20316c94dd,cust_44732c39d7,merch_dd847da09d,dev_6d1f35caf0,ip_dfea26e866,pmt_23e0b609a6,562.00,2026-01-04T13:38:39+00:00,Hyderabad,card,728,472.96,0,,food_delivery
txn_cab45a00f2,cust_136d215106,merch_5fef0ffeb1,dev_c0cc9806ec,ip_9bf3a1b79e,pmt_63b19046ab,66.00,2026-01-04T13:45:51+00:00,Hyderabad,card,62,107.63,0,,utilities
txn_9dd1b2ad7c,cust_dae0a24f8a,merch_5fef0ffeb1,dev_146a8dd078,ip_97ba5af5b8,pmt_e1b7cc9a19,471.05,2026-01-04T13:47:21+00:00,Jaipur,wallet,58,621.01,0,,utilities
txn_0af9e669d8,cust_7635284f11,merch_400d8b41e8,dev_5f0e2a9db5,ip_5ee249dc64,pmt_ab0b633581,598.10,2026-01-04T13:48:50+00:00,Delhi,upi,949,425.97,0,,jewelry
txn_2719b5e12e,cust_d04d642fb6,merch_4cfa6dbbd7,dev_3cd3e7a1a2,ip_77666a3330,pmt_11b00d2afa,164.25,2026-01-04T14:06:27+00:00,Ahmedabad,wallet,379,156.92,0,,travel
txn_3170e8e0cc,cust_54d61dbcde,merch_74918e5372,dev_e35eb07913,ip_6a4dcbda30,pmt_52360417fa,4397.14,2026-01-04T14:15:26+00:00,Chennai,upi,214,2520.05,0,,fashion
txn_d0db3b7805,cust_911abd38a9,merch_db564f82de,dev_3bcccc1e06,ip_117ed5cb59,pmt_0a68845f69,350.31,2026-01-04T14:42:14+00:00,Chennai,card,73,560.03,0,,pharmacy
txn_05f0717066,cust_9c7b0b9bd4,merch_25dcc81629,dev_3e0af21966,ip_bbad9db50b,pmt_bb91556c65,987.22,2026-01-04T14:45:44+00:00,Chandigarh,wallet,436,892.68,0,,electronics
txn_699dd167f4,cust_3147f303dc,merch_b548ea499c,dev_ce5118b63e,ip_d9494d5ee6,pmt_c60d1eb2b6,391.44,2026-01-04T14:46:08+00:00,Hyderabad,wallet,499,481.18,0,,jewelry
txn_f70abb922d,cust_77915f560d,merch_20e44d8ca7,dev_482310b6a9,ip_c29cdb9454,pmt_4ea7aaeb72,765.88,2026-01-04T15:08:29+00:00,Kochi,netbanking,506,377.42,0,,utilities
txn_f55ec2d069,cust_a9855f8005,merch_3b043d592f,dev_ce0dae8155,ip_7319e8248f,pmt_35ceb485b9,87.72,2026-01-04T15:10:13+00:00,Mumbai,upi,505,139.14,0,,fuel
txn_8453a8f808,cust_f2107b34de,merch_a10f564b80,dev_aaebf8d8ca,ip_d459171c93,pmt_07e3c5582b,373.62,2026-01-04T15:18:21+00:00,Hyderabad,wallet,240,297.20,0,,grocery
txn_062384d2e2,cust_294028f96e,merch_1c7213e152,dev_40591f3143,ip_763500c222,pmt_8ba005a73e,803.36,2026-01-04T15:32:47+00:00,Ahmedabad,netbanking,562,756.17,0,,grocery
txn_f19d6d49a0,cust_540de3d813,merch_25dcc81629,dev_f4748f4947,ip_a738cb6c20,pmt_7409138376,793.99,2026-01-04T16:02:25+00:00,Ahmedabad,card,163,671.73,0,,electronics
txn_6ef81a7a27,cust_3977deb011,merch_cf45f9a363,dev_921a3c4067,ip_a10608730f,pmt_2c4903bdfc,631.79,2026-01-04T16:06:54+00:00,Pune,card,841,769.74,0,,travel
txn_17b97ea6ed,cust_6eb67347ef,merch_1c7213e152,dev_db5717d371,ip_0b851172d9,pmt_d8f20769ed,455.65,2026-01-04T16:10:27+00:00,Hyderabad,upi,32,366.09,0,,grocery
txn_ac7ca13073,cust_b8c553e10c,merch_6836db54d7,dev_071e37978f,ip_9e2c8db01e,pmt_14b16319b2,1010.90,2026-01-04T16:24:58+00:00,Mumbai,card,862,714.38,0,,fuel
txn_2fa93c5ad8,cust_50684c0238,merch_6f6cfb25aa,dev_b6c2daa141,ip_49b87cac86,pmt_119e4bc61c,653.02,2026-01-04T16:40:23+00:00,Chennai,wallet,593,644.52,0,,entertainment
txn_79f2815826,cust_e0b53513bf,merch_f810bf5b6d,dev_09c86b3be6,ip_c2f81d3fb9,pmt_fde80bc7dd,640.89,2026-01-04T16:42:52+00:00,Chennai,card,71,473.27,0,,food_delivery
txn_e412539168,cust_433b0cddb4,merch_d651e12a02,dev_68a28031a1,ip_de923873fb,pmt_a6fb320fc5,1386.90,2026-01-04T16:45:16+00:00,Kolkata,wallet,84,1144.43,0,,fashion
txn_88adb07321,cust_ccd9d3b853,merch_53c044e34e,dev_cd5e0804e5,ip_fa39a7f6ae,pmt_6396e09f8c,152.05,2026-01-04T16:45:43+00:00,Jaipur,card,1305,180.68,0,,entertainment
txn_b2f7a77e8d,cust_dc399d5a63,merch_50552bde41,dev_86a76f3ce9,ip_840e238d8d,pmt_43f5be79cf,1185.61,2026-01-04T16:49:50+00:00,Ahmedabad,wallet,76,976.81,0,,food_delivery
txn_2b98216ac0,cust_5a8cc0653c,merch_0e78f7bcdf,dev_c2c4d9495e,ip_0f3c2ad692,pmt_047d3db3e9,680.60,2026-01-04T16:52:00+00:00,Chandigarh,netbanking,380,212.80,0,,fashion
txn_9ff5df42fd,cust_aa1a549c53,merch_b643779044,dev_010bc1fdd0,ip_7c822e64fb,pmt_d7f4e40764,829.95,2026-01-04T16:59:40+00:00,Bengaluru,wallet,1234,689.63,0,,grocery
txn_9106f51785,cust_72abf32b28,merch_c2fb29e3be,dev_da86f14f3b,ip_a7620db358,pmt_0d01600c70,712.96,2026-01-04T17:00:29+00:00,Mumbai,wallet,407,601.02,0,,jewelry
txn_301991fec9,cust_a1a8ebc377,merch_153644e3cb,dev_d387872ded,ip_3b99062eb1,pmt_953f25a240,892.92,2026-01-04T17:22:41+00:00,Lucknow,upi,791,514.91,0,,travel
txn_74893c4bc7,cust_94319008e1,merch_400d8b41e8,dev_fb988c03e5,ip_9927d551bc,pmt_0c36a6ddbc,188.10,2026-01-04T17:46:15+00:00,Kolkata,card,19,289.42,0,,jewelry
txn_bba15542ef,cust_2a7071e251,merch_38716f0aba,dev_c7e3527287,ip_eae94d291d,pmt_4dd2b01865,881.51,2026-01-04T18:04:11+00:00,Delhi,wallet,602,545.09,0,,food_delivery
txn_8388c7b6a0,cust_92e38edb5a,merch_98e81e8358,dev_4f8e357c41,ip_28881624b7,pmt_dca4bb92f5,1528.07,2026-01-04T18:04:34+00:00,Bengaluru,card,858,1187.48,0,,jewelry
txn_0556e48293,cust_e765023780,merch_29b7c55611,dev_ed08fe2288,ip_c2622745d2,pmt_d296066d46,111.98,2026-01-04T18:04:50+00:00,Chandigarh,card,41,193.85,0,,fuel
txn_0764c85e58,cust_a3898173cd,merch_db564f82de,dev_bd473deb12,ip_cb82d68cc0,pmt_5dd2f414a6,445.26,2026-01-04T18:14:18+00:00,Pune,card,110,784.14,0,,pharmacy
txn_2778562e50,cust_a318bf4035,merch_09a38eb2da,dev_54c0b30f30,ip_70154740f5,pmt_6bc75ec14e,1715.14,2026-01-04T18:20:05+00:00,Mumbai,card,741,1114.61,0,,travel
txn_65e351d6e3,cust_67957612ba,merch_b3cd51543f,dev_bf6eaaa640,ip_383622bc3f,pmt_aa68162b05,305.16,2026-01-04T18:34:14+00:00,Jaipur,netbanking,1127,381.50,0,,fuel
txn_3a5da52ec2,cust_ed2e046118,merch_0018ded378,dev_53ae711268,ip_300ee37424,pmt_9216172396,850.05,2026-01-04T18:34:25+00:00,Ahmedabad,wallet,522,875.16,0,,pharmacy
txn_989082b9d6,cust_8775f75ed1,merch_76949dba68,dev_be2a0e2e52,ip_c322998c5c,pmt_8f40afbc0a,109.91,2026-01-04T18:40:11+00:00,Delhi,wallet,650,198.05,0,,entertainment
txn_676a63b61f,cust_cd0b864bf0,merch_68ce248b11,dev_0f3f926cb9,ip_cfbb18fd48,pmt_59ef094478,938.15,2026-01-04T18:42:38+00:00,Chandigarh,upi,1022,1078.51,0,,grocery
txn_563310ded3,cust_ded2a50fb4,merch_68ce248b11,dev_806f0a2bf6,ip_96db3a2b41,pmt_218ccc1596,679.74,2026-01-04T18:49:17+00:00,Kochi,card,676,695.13,0,,grocery
txn_cab11c6968,cust_88853e6b69,merch_1c7213e152,dev_dc050e6560,ip_7cbfb012ce,pmt_04d0f92b4f,113.89,2026-01-04T18:54:03+00:00,Mumbai,netbanking,203,105.89,0,,grocery
txn_c3f31de057,cust_7ad2e8b364,merch_21e6ea0d08,dev_2f9671ef4a,ip_5e97baf4fa,pmt_f197fdd935,1939.45,2026-01-04T19:07:13+00:00,Ahmedabad,wallet,528,818.52,0,,electronics
txn_f78382aae2,cust_056ef6f06c,merch_bcf79cde19,dev_22abd536a0,ip_8dee0de723,pmt_679e7cd593,563.69,2026-01-04T19:09:40+00:00,Lucknow,card,111,671.94,0,,utilities
txn_3926195763,cust_b4808ae6e8,merch_93c07c678c,dev_59a54aabfe,ip_9c26dd8da3,pmt_4ee6081ef2,1976.35,2026-01-04T19:21:15+00:00,Ahmedabad,upi,744,2268.45,0,,grocery
txn_dea6a34132,cust_864f93919e,merch_b548ea499c,dev_ae7b348885,ip_ef44bd91b0,pmt_ebb1354319,993.80,2026-01-04T19:25:46+00:00,Chennai,card,516,985.43,0,,jewelry
txn_1fa632b61c,cust_e93844cd78,merch_c2fb29e3be,dev_2787007d2b,ip_3ee3c37989,pmt_598191277b,1025.22,2026-01-04T19:44:02+00:00,Hyderabad,wallet,356,1116.31,0,,jewelry
txn_ce17e495e1,cust_8be8bb7b71,merch_2a53c49e2e,dev_1f8a83cff8,ip_a136998c42,pmt_b9dae823c3,650.72,2026-01-04T19:56:26+00:00,Lucknow,upi,1019,614.16,0,,entertainment
txn_7cbfb0f35d,cust_5120ec3ef0,merch_3b8ab97346,dev_c4fe3b1ea2,ip_a7422a432b,pmt_efed9a9151,287.17,2026-01-04T20:00:16+00:00,Hyderabad,card,324,347.72,0,,entertainment
txn_d25eaa90ba,cust_01764ad908,merch_b588adf2cf,dev_cd09ebd4f1,ip_5c3af389dc,pmt_b353ccf2a0,476.58,2026-01-04T20:24:53+00:00,Kolkata,upi,110,838.29,0,,fashion
txn_6c6918dabf,cust_9ee55b9409,merch_dd847da09d,dev_67b3c51a6d,ip_e6f80a5bde,pmt_c9a4393015,616.81,2026-01-04T20:36:50+00:00,Lucknow,wallet,560,568.67,0,,food_delivery
txn_9e00373762,cust_910dbd39ce,merch_b3cd51543f,dev_544a2747e4,ip_9eb5c08924,pmt_25f6c76b78,200.50,2026-01-04T20:38:36+00:00,Bengaluru,netbanking,33,233.19,0,,fuel
txn_9bd8d4290f,cust_86aa1e4c84,merch_12bc92e5d0,dev_3c33664579,ip_e22fbdd604,pmt_a11c29f0ef,1668.54,2026-01-04T20:39:52+00:00,Bengaluru,netbanking,901,1684.76,0,,fashion
txn_646eed64ea,cust_cc308e3582,merch_1c7213e152,dev_3e84376105,ip_1212d080cf,pmt_baa7255fdf,345.54,2026-01-04T20:42:34+00:00,Jaipur,wallet,455,645.61,0,,grocery
txn_d1368cd9ba,cust_7450ed7a45,merch_4fce905382,dev_a9bd44f63e,ip_f020c640fe,pmt_ff5308e6af,1492.90,2026-01-04T21:15:24+00:00,Chandigarh,upi,525,1597.52,0,,utilities
txn_1f44cbcd15,cust_a722d34932,merch_29b7c55611,dev_9113d34077,ip_283439f77d,pmt_a88ef2f6f0,263.70,2026-01-04T21:46:30+00:00,Kochi,upi,2536,213.72,0,,fuel
txn_7b11054ff3,cust_fdde49ba9f,merch_e913595253,dev_132661bd96,ip_ff20f84390,pmt_26012dcb9b,224.33,2026-01-04T22:07:43+00:00,Chandigarh,card,1051,400.09,0,,pharmacy
txn_008666c5ef,cust_456d3f3988,merch_55130e6276,dev_93cc0204e2,ip_d70b583210,pmt_7ca1036183,2321.26,2026-01-04T22:16:49+00:00,Hyderabad,upi,3,1366.69,0,,entertainment
txn_022ddb4c2e,cust_db6268694e,merch_f944312123,dev_569c29c093,ip_7ed32f531f,pmt_ab3cec60a4,242.33,2026-01-04T22:24:35+00:00,Ahmedabad,upi,574,350.35,0,,fuel
txn_a27b8fb0af,cust_72d6665c43,merch_149267c045,dev_1d19cebd62,ip_5c658060a9,pmt_7592cac540,1250.43,2026-01-04T22:25:33+00:00,Chandigarh,card,424,1317.11,0,,travel
txn_97e1ca93b8,cust_c2c5e84fcc,merch_9b8a3e2865,dev_fb2ada5ef0,ip_a17266c15d,pmt_e38e077571,2737.59,2026-01-04T22:29:59+00:00,Chandigarh,netbanking,828,3620.22,0,,entertainment
txn_9339905c5d,cust_52974e95ab,merch_f944312123,dev_ac9c83533f,ip_eea3b04632,pmt_f642e7de24,969.62,2026-01-04T23:32:16+00:00,Delhi,card,1106,814.87,0,,fuel
txn_342e33a6c5,cust_4d5a21f94f,merch_86cc286a56,dev_f62c39374f,ip_33673dcdb2,pmt_a21b06d59d,338.57,2026-01-04T23:33:47+00:00,Delhi,card,1027,247.44,0,,fashion
txn_8bcc426d15,cust_07f36e10e6,merch_48ebb81d43,dev_79174790e9,ip_f6e381db1d,pmt_ab6ab9b0b8,1880.94,2026-01-04T23:38:16+00:00,Chennai,netbanking,61,1435.73,0,,pharmacy
txn_5332e1e4e3,cust_3f8e042ee9,merch_13c4d99849,dev_10e488cf3b,ip_b03174fc09,pmt_31df092f8e,308.87,2026-01-05T00:17:30+00:00,Lucknow,card,316,450.33,0,,fashion
txn_0fb5b465c6,cust_d44419915a,merch_dc49d9596e,dev_f292ec2ad8,ip_10bfb6fd1c,pmt_e6bbf8d887,323.16,2026-01-05T00:30:36+00:00,Chennai,upi,67,250.04,0,,entertainment
txn_e1ae394945,cust_17417647bc,merch_3b043d592f,dev_2fc4809dd4,ip_788ff56ab7,pmt_475c438256,176.74,2026-01-05T00:51:47+00:00,Ahmedabad,card,455,245.52,0,,fuel
txn_d82dcc18eb,cust_db46fb4b27,merch_e913595253,dev_03b2798195,ip_d063ecaa39,pmt_c4052af2eb,2197.78,2026-01-05T01:18:26+00:00,Chandigarh,netbanking,180,2606.36,0,,pharmacy
txn_f4688e4cfb,cust_8085e98d9b,merch_55130e6276,dev_ad569eda73,ip_d50c3a91fa,pmt_d472da91cd,1933.47,2026-01-05T01:31:35+00:00,Mumbai,upi,340,1301.36,0,,entertainment
txn_2903ddcdc7,cust_aad82b73bf,merch_b3cd51543f,dev_1755dbb7b4,ip_ab05e14b92,pmt_6230606095,288.78,2026-01-05T01:56:58+00:00,Chandigarh,card,142,514.57,0,,fuel
txn_2f689389e6,cust_45823aef06,merch_12bc92e5d0,dev_1228245ca4,ip_e8aaf2da8f,pmt_b3dc0717bb,668.88,2026-01-05T02:05:33+00:00,Mumbai,upi,22,1155.44,0,,fashion
txn_38d3eaaa92,cust_b7846bbf07,merch_b588adf2cf,dev_019fcc9d4d,ip_598c4bf001,pmt_b172174e47,2249.93,2026-01-05T02:12:13+00:00,Chandigarh,netbanking,74,1980.63,0,,fashion
txn_9b84cff466,cust_8e818df784,merch_dd847da09d,dev_39ed9e76fe,ip_55befa612e,pmt_5baa1bf563,988.14,2026-01-05T02:22:39+00:00,Lucknow,card,117,974.31,0,,food_delivery
txn_dda7df7a1e,cust_9d938aaf0a,merch_bcf79cde19,dev_a82f73c19c,ip_be61fb6973,pmt_cc6cf53f84,238.30,2026-01-05T02:28:52+00:00,Kolkata,netbanking,84,485.01,0,,utilities
txn_5111f7bd67,cust_23a1947b54,merch_73b110adea,dev_deffb4f375,ip_8389e9ddde,pmt_9c571d2cb9,612.17,2026-01-05T02:32:04+00:00,Chandigarh,upi,361,642.30,0,,grocery
txn_898531b8eb,cust_a318bf4035,merch_7b950a0080,dev_a195058d99,ip_008f0cf487,pmt_6bc75ec14e,1244.53,2026-01-05T02:32:23+00:00,Mumbai,card,741,1114.61,0,,food_delivery
txn_cc07cf9f2f,cust_ac57376f63,merch_50552bde41,dev_c5298176c3,ip_dad1a921fe,pmt_be33aa49ec,574.85,2026-01-05T02:38:57+00:00,Hyderabad,netbanking,123,518.94,0,,food_delivery
txn_335728d7b2,cust_f1f016600a,merch_13c4d99849,dev_d1a0851a2b,ip_6a5b953b96,pmt_45c8d25038,925.57,2026-01-05T02:42:18+00:00,Bengaluru,upi,222,1023.82,0,,fashion
txn_147a6d4a25,cust_f186cc1dea,merch_9b8a3e2865,dev_85c103c0a2,ip_672a12589d,pmt_f782443b87,2165.82,2026-01-05T02:48:23+00:00,Bengaluru,wallet,915,826.00,0,,entertainment
txn_22861f274a,cust_4bc6a9c749,merch_93c07c678c,dev_452c705594,ip_f5892e55b7,pmt_63cc268006,3465.74,2026-01-05T03:03:23+00:00,Lucknow,netbanking,895,972.45,0,,grocery
txn_e35ec530b4,cust_492a7c3f88,merch_2e589c17ff,dev_f02fda1d8b,ip_e631af4ec4,pmt_da4e47ba1a,3829.79,2026-01-05T03:04:02+00:00,Mumbai,netbanking,13,2067.40,0,,entertainment
txn_191e3dab1a,cust_c66a1aef82,merch_9b8a3e2865,dev_78945f1061,ip_be46ce9b39,pmt_222e19ed36,5017.64,2026-01-05T03:12:21+00:00,Lucknow,upi,1351,3544.51,0,,entertainment
txn_e926f48c88,cust_431316b597,merch_dc49d9596e,dev_a86718f1c0,ip_16eeb11c20,pmt_8a02df47a5,474.33,2026-01-05T03:13:34+00:00,Ahmedabad,wallet,351,377.43,0,,entertainment
txn_513108ee9c,cust_340801ec7c,merch_29816d48b6,dev_b142f6c955,ip_0f223fe539,pmt_2fde3efad7,921.32,2026-01-05T03:17:05+00:00,Jaipur,netbanking,23,485.79,0,,utilities
txn_7c134dded8,cust_4ab0e09149,merch_630f80b667,dev_bf15c631d1,ip_f731760268,pmt_659cb096b6,228.35,2026-01-05T03:22:52+00:00,Bengaluru,upi,7,341.94,0,,electronics
txn_19bb7cd89a,cust_8336af961a,merch_2a53c49e2e,dev_bbf89430a5,ip_0e6a50754b,pmt_92bcaa19c6,1615.12,2026-01-05T03:31:22+00:00,Kochi,card,1828,1902.39,0,,entertainment
txn_0d3517714e,cust_50a0285b49,merch_48ebb81d43,dev_5e0c225cfa,ip_45e1246978,pmt_46b4d768f3,1629.80,2026-01-05T03:44:47+00:00,Chandigarh,netbanking,888,1605.80,0,,pharmacy
txn_d06186f16b,cust_d8910747ef,merch_966aed08f2,dev_d5f98c75c5,ip_ebef3e6ace,pmt_aa3b85fe37,695.85,2026-01-05T03:57:43+00:00,Ahmedabad,wallet,98,590.63,0,,grocery
txn_146eca061b,cust_3147f303dc,merch_74fde6fdcd,dev_ce5118b63e,ip_d9494d5ee6,pmt_c60d1eb2b6,218.37,2026-01-05T04:02:36+00:00,Hyderabad,netbanking,499,481.18,0,,pharmacy
txn_b9fee91890,cust_39a4543a70,merch_149267c045,dev_be8c8e08ac,ip_bd6807d5bd,pmt_1b6d9feba7,890.83,2026-01-05T04:37:36+00:00,Lucknow,card,381,612.14,0,,travel
txn_62e0f081f4,cust_dbfa8ec90a,merch_dec5f39188,dev_87cd4eab8c,ip_51e79b36e3,pmt_13f2a8ecff,791.10,2026-01-05T04:41:46+00:00,Kolkata,wallet,57,1141.47,0,,utilities
txn_b4190459d3,cust_6e3e41d562,merch_cf45f9a363,dev_67428cfb98,ip_bb489c6593,pmt_b1f5a47399,258.21,2026-01-05T04:42:15+00:00,Delhi,upi,55,122.75,0,,travel
txn_1bc99c3165,cust_c8835bdd63,merch_acb8176511,dev_9f8aa93d7c,ip_150e777149,pmt_fac3d64121,1285.91,2026-01-05T04:50:37+00:00,Pune,netbanking,270,1114.08,0,,travel
txn_43802aac8f,cust_b405bc7238,merch_fb029a39e7,dev_df8b1960b9,ip_94acf3e91a,pmt_c43960697a,1198.16,2026-01-05T04:53:49+00:00,Bengaluru,netbanking,1446,1046.63,0,,entertainment
txn_f2cc2364b3,cust_4942534c1c,merch_0d677f499e,dev_4532242a58,ip_b691a51121,pmt_32a664dfed,1393.78,2026-01-05T04:58:09+00:00,Kolkata,upi,511,1061.98,0,,fashion
txn_99e3d8e8fb,cust_b405bc7238,merch_55130e6276,dev_df8b1960b9,ip_94acf3e91a,pmt_c43960697a,1076.43,2026-01-05T05:16:16+00:00,Bengaluru,netbanking,1446,1046.63,0,,entertainment
txn_5a4e8c5c05,cust_a78e31244f,merch_4cfa6dbbd7,dev_11b8e398b3,ip_53336ba01c,pmt_4399c77678,1855.59,2026-01-05T05:18:28+00:00,Jaipur,upi,118,1800.11,0,,travel
txn_dbb555fc73,cust_3cbf9bfad0,merch_879f14a7e3,dev_e0fdba1346,ip_ef759802b2,pmt_eedfe7f037,1252.51,2026-01-05T05:23:36+00:00,Kochi,card,452,784.23,0,,grocery
txn_86561bf396,cust_90ee04d321,merch_630f80b667,dev_fcf073963c,ip_0d861fba54,pmt_d023257701,470.06,2026-01-05T05:42:21+00:00,Jaipur,upi,397,485.90,0,,electronics
txn_9d27cd3aea,cust_9eb4e9d761,merch_023d4ac6fc,dev_cad4dbe084,ip_497d53558d,pmt_9c8707f46e,560.71,2026-01-05T06:19:21+00:00,Delhi,netbanking,627,294.90,0,,pharmacy
txn_40d1a0534b,cust_c53f7d2571,merch_b3cd51543f,dev_09a3ee2e9f,ip_4063d8de1f,pmt_59be8ea7f9,11107.51,2026-01-05T06:26:29+00:00,Kochi,upi,17,2254.66,1,,fuel
txn_a1df367f11,cust_0d967463a9,merch_93c07c678c,dev_48bd4599ab,ip_688fe96d86,pmt_800dfa8c51,1387.13,2026-01-05T06:41:34+00:00,Hyderabad,netbanking,270,1816.58,0,,grocery
txn_33e9056b01,cust_5e3d7fb137,merch_d5b415c871,dev_590f337918,ip_d5835aee46,pmt_f251a2a58d,421.07,2026-01-05T07:09:38+00:00,Mumbai,netbanking,154,536.63,0,,pharmacy
txn_6fd278d8f5,cust_d240e95d57,merch_4096571ef3,dev_3cb231817c,ip_fff6fd7e46,pmt_cbf2c8f18b,1008.97,2026-01-05T07:19:18+00:00,Lucknow,wallet,392,1088.78,0,,entertainment
txn_48434f4e3f,cust_f454115069,merch_48ebb81d43,dev_068bd90102,ip_3539f9d6e7,pmt_851e75fad0,485.09,2026-01-05T07:19:21+00:00,Delhi,netbanking,706,424.82,0,,pharmacy
txn_8c39a89b41,cust_15344cd672,merch_c22268fdce,dev_aca94ee56c,ip_d29165c4ab,pmt_a099f51f7e,215.48,2026-01-05T07:26:29+00:00,Kolkata,wallet,87,218.72,0,,utilities
txn_8cb7721aa4,cust_227b07d04d,merch_68ce248b11,dev_b5a5553035,ip_b7e953628c,pmt_dfe7e629d9,661.50,2026-01-05T07:27:06+00:00,Lucknow,upi,692,564.19,0,,grocery
txn_633b58fdff,cust_5e9c59a11c,merch_50552bde41,dev_e6e6feeb60,ip_dd92768c43,pmt_95db573e49,767.69,2026-01-05T07:28:52+00:00,Delhi,netbanking,147,664.49,0,,food_delivery
txn_93f3803422,cust_aadeaecc2b,merch_153644e3cb,dev_5bccf8855d,ip_89a4a061e2,pmt_2bda95c10f,642.74,2026-01-05T07:38:01+00:00,Lucknow,upi,364,661.00,0,,travel
txn_0a8d3140a1,cust_de04f52521,merch_a10f564b80,dev_f8d445288f,ip_ba473e0007,pmt_d36ee8ebaa,633.32,2026-01-05T07:42:14+00:00,Kochi,netbanking,1076,686.05,0,,grocery
txn_102b0c195a,cust_ef2d93aa41,merch_a4649a3467,dev_904e46ad16,ip_759bd913a6,pmt_f60af79cc8,2590.24,2026-01-05T07:43:16+00:00,Delhi,card,137,1971.04,0,,fuel
txn_7d32c1cf0b,cust_f454115069,merch_dec5f39188,dev_068bd90102,ip_87a92f5adf,pmt_851e75fad0,170.56,2026-01-05T08:07:03+00:00,Kolkata,card,706,424.82,0,,utilities
txn_d6ee69b684,cust_fc2031fe1e,merch_74918e5372,dev_708e45bedc,ip_4a831a2b78,pmt_7608a1db50,172.56,2026-01-05T08:07:20+00:00,Hyderabad,wallet,191,283.97,0,,fashion
txn_e8ea619885,cust_08e99af780,merch_08cb85e737,dev_f8f9eab9fc,ip_7d7d631e07,pmt_fce19efdfe,2861.76,2026-01-05T08:09:15+00:00,Delhi,wallet,4,2415.12,0,,electronics
txn_61d41eee09,cust_64e065a5cb,merch_023d4ac6fc,dev_932a4623e4,ip_20ebe1f602,pmt_e1289cb1d1,1767.11,2026-01-05T08:12:53+00:00,Ahmedabad,card,42,1152.25,0,,pharmacy
txn_0f7b185fed,cust_b41869a93c,merch_50552bde41,dev_115c7d1779,ip_c3a5e292b8,pmt_7922ad9544,617.53,2026-01-05T08:23:20+00:00,Chennai,netbanking,27,714.33,0,,food_delivery
txn_d542729d31,cust_abf8edb1e7,merch_6f6cfb25aa,dev_553728f3c4,ip_2954226940,pmt_c8da244aa5,1941.41,2026-01-05T08:47:35+00:00,Lucknow,card,216,3265.26,0,,entertainment
txn_af18be673f,cust_9440dc6b54,merch_5843fe5054,dev_90d097ff7e,ip_f87a57a141,pmt_cc23722b05,789.01,2026-01-05T08:52:08+00:00,Hyderabad,wallet,58,727.17,0,,grocery
txn_ea5da9b990,cust_4808f0f7a5,merch_a10f564b80,dev_bc01c978fa,ip_0987a1aae7,pmt_2542ee487a,486.70,2026-01-05T08:56:21+00:00,Delhi,netbanking,1204,473.75,0,,grocery
txn_10c00b5ee7,cust_7906c1cd3a,merch_74fde6fdcd,dev_f00165704f,ip_032a78b7b6,pmt_d8bccd5fc2,752.47,2026-01-05T09:01:25+00:00,Kolkata,card,238,766.91,0,,pharmacy
txn_956b986f23,cust_7d1eeae350,merch_b87aa58f30,dev_9c0147d48b,ip_f933c5dafc,pmt_628033de7c,751.10,2026-01-05T09:03:48+00:00,Chennai,upi,316,1197.15,0,,jewelry
txn_d1ae91014c,cust_4385732c1f,merch_f82df4effe,dev_510eb6bc54,ip_e2bc47cb92,pmt_521d357b9c,169.99,2026-01-05T09:18:31+00:00,Delhi,netbanking,880,173.36,0,,entertainment
txn_445c33203c,cust_7881193e9a,merch_55130e6276,dev_4569bf248b,ip_fe9007ace8,pmt_473ad473ec,458.26,2026-01-05T09:23:33+00:00,Hyderabad,card,14,865.43,0,,entertainment
txn_c0496c15f9,cust_72c3462735,merch_29816d48b6,dev_73007c0a3c,ip_6262c49e4b,pmt_da2275e513,264.99,2026-01-05T09:24:07+00:00,Jaipur,upi,260,256.93,0,,utilities
txn_12dc72c9dc,cust_84967b4ebe,merch_2a53c49e2e,dev_857fca1b9b,ip_249f0ce828,pmt_e6279f0841,1371.12,2026-01-05T09:24:37+00:00,Mumbai,netbanking,24,570.23,0,,entertainment
txn_987ff59548,cust_19f1b7d12c,merch_f810bf5b6d,dev_acfe111928,ip_2e8c19415b,pmt_4a5ab2d761,538.81,2026-01-05T09:39:03+00:00,Jaipur,card,315,911.30,0,,food_delivery
txn_cec60bb979,cust_29a992b400,merch_29816d48b6,dev_5debd7a74d,ip_e7022f5256,pmt_e9de2e0bbd,942.41,2026-01-05T09:48:13+00:00,Kochi,netbanking,493,364.49,1,,utilities
txn_ee1d806f23,cust_e79244739c,merch_b643779044,dev_614b72e6a6,ip_e78123c3e0,pmt_9a3c2864c1,1185.41,2026-01-05T09:48:44+00:00,Delhi,upi,405,1595.22,0,,grocery
txn_f70e4106a7,cust_6ff0930e7e,merch_cf45f9a363,dev_948a0b2ae0,ip_d8f512503d,pmt_1ab052c75a,142.03,2026-01-05T09:49:00+00:00,Delhi,wallet,577,184.96,0,,travel
txn_9509c2c018,cust_dfc4e3ab79,merch_e913595253,dev_9a08f89837,ip_782331bb85,pmt_066c54e211,227.42,2026-01-05T09:53:33+00:00,Chandigarh,card,783,393.27,0,,pharmacy
txn_328a6e39d3,cust_92bcbc37c2,merch_d5b415c871,dev_51761af18a,ip_6298c851bf,pmt_23bbcf3d00,583.04,2026-01-05T10:25:24+00:00,Lucknow,wallet,474,583.63,0,,pharmacy
txn_38c53a8986,cust_e2aea7a0c0,merch_b3cd51543f,dev_3cf2aca2df,ip_c199cfc641,pmt_4c9b285ac1,447.82,2026-01-05T10:31:11+00:00,Kochi,card,43,490.81,0,,fuel
txn_996405010b,cust_8da6512b2e,merch_b548ea499c,dev_c3f0ac0eb7,ip_4fe19bd983,pmt_d8cf8f2665,738.34,2026-01-05T10:41:41+00:00,Ahmedabad,card,375,503.79,0,,jewelry
txn_305029acb4,cust_15344cd672,merch_3423259716,dev_aca94ee56c,ip_d29165c4ab,pmt_a099f51f7e,100.70,2026-01-05T11:05:40+00:00,Kolkata,wallet,87,218.72,0,,fashion
txn_cecd9d510b,cust_186e4282f1,merch_d5b415c871,dev_ef68e09844,ip_eaae4c9f67,pmt_b2b837e999,257.39,2026-01-05T11:22:22+00:00,Chandigarh,upi,20,222.29,0,,pharmacy
txn_70e5b65cdc,cust_e699ad74a1,merch_b588adf2cf,dev_07e598003e,ip_85cfec4709,pmt_c4bfbe28ee,2288.18,2026-01-05T11:30:53+00:00,Delhi,wallet,16,1362.22,0,,fashion
txn_63a7210ff4,cust_25d90aee05,merch_5d7550a442,dev_051de399ec,ip_29fbdae637,pmt_d42590abcc,839.16,2026-01-05T11:37:23+00:00,Chandigarh,netbanking,691,878.24,0,,utilities
txn_4a67257b37,cust_e42bf8b1a9,merch_12bc92e5d0,dev_12c68d01a2,ip_4f7974cfb1,pmt_9d428200b5,392.75,2026-01-05T11:43:47+00:00,Kolkata,upi,19,303.79,0,,fashion
txn_6ac3df2e45,cust_cd3bf1b07e,merch_00be0b6b49,dev_286b9c0871,ip_ba98e6799e,pmt_aa06302e96,2134.91,2026-01-05T11:43:59+00:00,Ahmedabad,netbanking,1309,1143.36,0,,electronics
txn_4c6d8bce97,cust_d594f5c606,merch_d5b415c871,dev_a495e38c40,ip_d461b11071,pmt_d2e6fd21bc,104.43,2026-01-05T11:46:11+00:00,Chennai,upi,324,100.00,0,,pharmacy
txn_d903e53885,cust_f09515f06e,merch_149267c045,dev_6200e3b29e,ip_b462cb2791,pmt_c62292a4a7,3519.11,2026-01-05T11:52:14+00:00,Ahmedabad,upi,57,2222.90,0,,travel
txn_ece8839706,cust_f2f046a57c,merch_dd847da09d,dev_84b97da734,ip_d8f28c8923,pmt_d2de1cd560,1085.39,2026-01-05T11:52:24+00:00,Kochi,card,164,697.35,0,,food_delivery
txn_90d44f79bc,cust_4c3823c60d,merch_bf368185fd,dev_0147e35bb6,ip_b23759090b,pmt_2e502e9c3e,606.93,2026-01-05T11:59:13+00:00,Pune,upi,30,606.80,0,,electronics
txn_dfab6d3997,cust_929dd45b30,merch_12bc92e5d0,dev_ffc999ab17,ip_8de73a2024,pmt_9b39a27666,1133.26,2026-01-05T12:33:13+00:00,Chennai,netbanking,411,713.11,0,,fashion
txn_a51106ef66,cust_5fcc4a54a9,merch_023d4ac6fc,dev_d61c631dea,ip_0df64e3de0,pmt_f551ac1c1f,128.69,2026-01-05T12:42:31+00:00,Kolkata,wallet,82,190.43,0,,pharmacy
txn_ee654f1c95,cust_46a123f2ca,merch_db564f82de,dev_ff227685cd,ip_7b79137d94,pmt_c9e2c19ff1,519.88,2026-01-05T12:43:01+00:00,Kochi,netbanking,305,338.55,0,,pharmacy
txn_323c5cb01a,cust_dd1f5c5d97,merch_dc3f7ac002,dev_79498a70ec,ip_64af40d90f,pmt_0b6415b770,456.60,2026-01-05T12:50:03+00:00,Lucknow,upi,75,421.59,0,,entertainment
txn_33c94c5da5,cust_0c6afc780a,merch_3b043d592f,dev_a8a52e8f6d,ip_fd8c4c0b53,pmt_372d8a6103,2777.09,2026-01-05T13:02:05+00:00,Chennai,card,1273,2722.41,0,,fuel
txn_b22c89a5af,cust_cab2a5dce8,merch_7b950a0080,dev_9b15bb0373,ip_0588b2b850,pmt_2a8d6a5b78,418.25,2026-01-05T13:11:09+00:00,Jaipur,wallet,685,481.24,0,,food_delivery
txn_00f59f0458,cust_de77b9764c,merch_15dde57415,dev_faa7f04e87,ip_e709df8096,pmt_a1ad4b5133,424.05,2026-01-05T13:11:22+00:00,Pune,wallet,38,418.74,0,,electronics
txn_cb84e2ac62,cust_b0bbed1de9,merch_218961bd9d,dev_c58b0935b4,ip_2b657a8537,pmt_890508cbdd,2733.70,2026-01-05T13:23:29+00:00,Delhi,netbanking,712,3167.86,0,,grocery
txn_f4cb309473,cust_79761154ae,merch_b548ea499c,dev_06636425a2,ip_a89bda1f2f,pmt_5f88af62e4,2588.07,2026-01-05T13:23:43+00:00,Chennai,wallet,72,899.26,1,,jewelry
txn_cdbb35846b,cust_30463e6d0c,merch_dd847da09d,dev_dce79922e4,ip_9006647509,pmt_2ccaeab427,125.74,2026-01-05T13:32:14+00:00,Jaipur,upi,31,262.01,0,,food_delivery
txn_21d57539cd,cust_66ef4e997f,merch_3195323114,dev_aeacae4184,ip_074c45ca23,pmt_6034d4863c,583.27,2026-01-05T13:41:39+00:00,Kochi,wallet,231,627.40,0,,grocery
txn_a08840ab89,cust_0187d25c93,merch_6b13b81417,dev_9f14d022bf,ip_26f624cae7,pmt_031eb8f9d5,367.03,2026-01-05T13:42:37+00:00,Chandigarh,card,359,217.32,0,,jewelry
txn_bd7b947d36,cust_bbf8b0b0fc,merch_c974494c8b,dev_51141f47c9,ip_86695be55e,pmt_42ef42f8fb,303.70,2026-01-05T13:45:47+00:00,Mumbai,netbanking,690,256.68,0,,electronics
txn_4382066c4a,cust_758a150604,merch_3423259716,dev_328f56f357,ip_fb5bfc0ce2,pmt_861d9b614e,515.83,2026-01-05T13:46:34+00:00,Kolkata,upi,237,487.41,0,,fashion
txn_2c93ccee04,cust_30dbbcbbcf,merch_966aed08f2,dev_dffbe5b7b4,ip_9bf252720c,pmt_c3e4fa9503,1434.42,2026-01-05T13:55:52+00:00,Lucknow,netbanking,37,2372.19,0,,grocery
txn_b61cdf5bd4,cust_0eb8a6464e,merch_b2b5b5932b,dev_c5a0a6278a,ip_bba044c453,pmt_bc4402044e,299.07,2026-01-05T14:07:06+00:00,Chennai,wallet,424,560.29,0,,travel
txn_18c8326dba,cust_586277e508,merch_b2b5b5932b,dev_d877d78ff6,ip_bce3500788,pmt_2f93d65a85,888.27,2026-01-05T14:07:33+00:00,Ahmedabad,card,1435,846.60,0,,travel
txn_4e0c057f31,cust_30b439d044,merch_4cfa6dbbd7,dev_c7a7a4d6b9,ip_c17e958f64,pmt_df793bb688,671.45,2026-01-05T14:42:39+00:00,Delhi,upi,3,930.56,0,,travel
txn_b524352a82,cust_24461eb29a,merch_25dcc81629,dev_1dd5e2567f,ip_0214382213,pmt_3e57d60b3d,669.59,2026-01-05T14:45:27+00:00,Delhi,card,891,879.44,0,,electronics
txn_7eec679565,cust_d1fd223466,merch_0e78f7bcdf,dev_997afab4df,ip_d9023059a5,pmt_b7b70a200b,692.15,2026-01-05T14:52:50+00:00,Chandigarh,upi,622,864.87,0,,fashion
txn_ff8b966873,cust_c41b903c61,merch_2a53c49e2e,dev_5e5c580df9,ip_32fa9a6bf1,pmt_6677dce43f,364.51,2026-01-05T15:08:05+00:00,Jaipur,upi,48,482.42,0,,entertainment
txn_bb1f121a79,cust_8a7f41e818,merch_d651e12a02,dev_2a668bea36,ip_f93553bef1,pmt_7cf629d6de,190.55,2026-01-05T15:17:15+00:00,Chandigarh,wallet,449,128.89,0,,fashion
txn_cb313736c5,cust_f57b0a85c1,merch_3b043d592f,dev_ebbec1d796,ip_131d8663b8,pmt_bcde9a04f7,308.55,2026-01-05T15:25:26+00:00,Chandigarh,card,1757,541.51,0,,fuel
txn_cd10f2ecf9,cust_90ee04d321,merch_3b043d592f,dev_f57ba4b809,ip_0d861fba54,pmt_d023257701,726.10,2026-01-05T15:27:28+00:00,Lucknow,card,397,485.90,0,,fuel
txn_2ecf8aa7b9,cust_e5ff766de8,merch_68ce248b11,dev_e534273dd1,ip_5f315eb320,pmt_a004319fab,1192.93,2026-01-05T15:31:12+00:00,Hyderabad,card,1066,955.17,0,,grocery
txn_fdbe51401c,cust_e0b53513bf,merch_5843fe5054,dev_09c86b3be6,ip_474c6dd823,pmt_fde80bc7dd,249.46,2026-01-05T15:32:56+00:00,Chennai,card,71,473.27,0,,grocery
txn_34760831cd,cust_ed0d42976a,merch_fb029a39e7,dev_bb2c5fec69,ip_0e611c216a,pmt_5ca8537bf5,518.65,2026-01-05T15:36:47+00:00,Bengaluru,upi,160,894.02,0,,entertainment
txn_1bf79b3cea,cust_1f3d7f5a45,merch_48ebb81d43,dev_87862e76e7,ip_5426c685a9,pmt_b36cf0213b,505.62,2026-01-05T15:37:42+00:00,Chennai,wallet,1852,466.56,0,,pharmacy
txn_8755c1f7cb,cust_e6ecb05408,merch_00be0b6b49,dev_4908a23d9f,ip_4fd60b0188,pmt_a4cbd9d086,885.29,2026-01-05T15:58:57+00:00,Chennai,wallet,438,391.94,0,,electronics
txn_f6fd2147c5,cust_7dae186951,merch_b548ea499c,dev_514f8054d3,ip_33a9b837c4,pmt_750ff22fb6,537.20,2026-01-05T16:12:09+00:00,Jaipur,card,892,699.53,0,,jewelry
txn_d3e5294fb7,cust_5302cd928f,merch_b3cd51543f,dev_a62a133d2c,ip_e9c0cfd14b,pmt_ca5ed2c839,448.57,2026-01-05T16:18:02+00:00,Chennai,card,285,505.15,0,,fuel
txn_b8756105e6,cust_e5ff766de8,merch_29b7c55611,dev_e534273dd1,ip_5f315eb320,pmt_a004319fab,954.51,2026-01-05T16:26:07+00:00,Hyderabad,card,1066,955.17,0,,fuel
txn_1f57f20c81,cust_0d9acf3f74,merch_b548ea499c,dev_e45e19cce9,ip_89b470c710,pmt_570c82ab67,182.59,2026-01-05T16:33:26+00:00,Mumbai,netbanking,343,407.10,0,,jewelry
txn_c9bccca23d,cust_e5a8290af3,merch_cac8d54855,dev_85cb90eca8,ip_a9ed230d45,pmt_a28f9ba890,724.16,2026-01-05T16:33:51+00:00,Chandigarh,netbanking,166,433.95,0,,utilities
txn_7e6ba4fc58,cust_d989dbce2b,merch_875a820e54,dev_e783403df5,ip_f690403cca,pmt_10c822eadb,898.37,2026-01-05T16:42:17+00:00,Kolkata,upi,196,1389.16,0,,fashion
txn_69116a5b05,cust_10aaf0935f,merch_25dcc81629,dev_beb359031b,ip_f9a395e203,pmt_eb8e9f38b1,2254.24,2026-01-05T17:15:50+00:00,Bengaluru,wallet,554,1744.84,0,,electronics
txn_9ccc2c7893,cust_cdc193e35f,merch_73b110adea,dev_0de54f5a52,ip_6f730d7e1d,pmt_fb11fabf97,283.34,2026-01-05T17:25:17+00:00,Hyderabad,netbanking,201,340.80,0,,grocery
txn_5e1534c1a7,cust_c38dbd348c,merch_1a4e87dbaf,dev_5a7a67f771,ip_aad7c1b7be,pmt_e84184e467,875.58,2026-01-05T17:32:28+00:00,Chennai,card,29,1110.65,0,,jewelry
txn_181ee26f2e,cust_ea4c9236e5,merch_816e30245a,dev_891a5a4e50,ip_e62859a656,pmt_de5f386851,1394.35,2026-01-05T18:06:57+00:00,Delhi,card,95,1335.55,0,,utilities
txn_9f6eda9d0d,cust_8c39a01e33,merch_b643779044,dev_03346aaca3,ip_ff173fe25b,pmt_8cee40039c,1078.15,2026-01-05T18:09:32+00:00,Kochi,upi,364,1053.39,0,,grocery
txn_279fd3aa01,cust_7ec518949b,merch_b643779044,dev_ea8690648b,ip_86873943fc,pmt_4d2edc6bd2,223.42,2026-01-05T18:09:44+00:00,Kochi,upi,324,247.41,0,,grocery
txn_907b2d10e3,cust_eb174dbfa9,merch_6b13b81417,dev_3745c4320a,ip_bf3018a757,pmt_e189e79be6,317.16,2026-01-05T18:17:13+00:00,Lucknow,card,191,489.15,0,,jewelry
txn_9872ddd966,cust_b28b5d086d,merch_93c07c678c,dev_aa5c037dea,ip_c9a227ed0a,pmt_f758fe4992,1234.18,2026-01-05T18:32:38+00:00,Kochi,upi,22,1056.76,0,,grocery
txn_53146f071d,cust_7df8f39915,merch_4fce905382,dev_e157bb7835,ip_80374ba4f4,pmt_3cdb2fef0c,872.99,2026-01-05T18:37:05+00:00,Pune,wallet,257,529.54,0,,utilities
txn_b87c93bba3,cust_bce24b2e0b,merch_29b7c55611,dev_0f147a1be5,ip_c52fab9434,pmt_87fb9f6fba,560.82,2026-01-05T18:37:44+00:00,Bengaluru,netbanking,4,1174.05,0,,fuel
txn_d46098c9ba,cust_df205aa7de,merch_1c7213e152,dev_59400cd0aa,ip_bb3e0cfc41,pmt_fbf8768819,3510.82,2026-01-05T18:51:18+00:00,Hyderabad,netbanking,4,1188.76,0,,grocery
txn_3872b83b01,cust_28670e0f3d,merch_0018ded378,dev_5f155c71db,ip_05dd0bc19a,pmt_26338dab35,737.11,2026-01-05T19:05:11+00:00,Lucknow,upi,1733,501.37,0,,pharmacy
txn_ca7f4725ba,cust_9a147dfed9,merch_55130e6276,dev_1840105aa8,ip_0f2367bc44,pmt_75dd7faeb1,515.04,2026-01-05T19:09:49+00:00,Chennai,wallet,146,767.04,0,,entertainment
txn_95dd6a31c9,cust_d4e59af455,merch_7a02f17649,dev_4e37e8c3c3,ip_45fa79c8da,pmt_c6f1b2b3d0,340.86,2026-01-05T19:28:02+00:00,Pune,upi,758,523.94,0,,fashion
txn_2be2aa14b1,cust_db465d8dc0,merch_993b9e2f43,dev_071fda7be0,ip_883ec9f8d2,pmt_4e15a4af1c,777.29,2026-01-05T19:29:43+00:00,Jaipur,upi,275,714.61,0,,utilities
txn_123a4b9c59,cust_3fdfb1da2b,merch_c22268fdce,dev_aeddede1aa,ip_085cb316f8,pmt_3c38c78d39,5413.69,2026-01-05T19:32:09+00:00,Bengaluru,card,61,1799.88,0,,utilities
txn_17dc40f2f9,cust_00021d45bd,merch_9e610a3b92,dev_fe6a898215,ip_cf714c3fff,pmt_876b6a987b,326.90,2026-01-05T19:33:25+00:00,Jaipur,netbanking,366,535.89,0,,fuel
txn_e350068093,cust_6a25c889c6,merch_dd847da09d,dev_e18bb4b62a,ip_e914b9318e,pmt_767d2aed1f,186.51,2026-01-05T20:03:29+00:00,Ahmedabad,card,209,268.96,0,,food_delivery
txn_7ec0078044,cust_7833be614a,merch_630f80b667,dev_0ef75abf45,ip_0576e19e18,pmt_3e08a65e80,651.65,2026-01-05T20:15:41+00:00,Mumbai,card,5,390.12,0,,electronics
txn_7e162e79d1,cust_ab03abbd93,merch_bcf79cde19,dev_a6f2eb1981,ip_2904f32381,pmt_47e12a09c7,454.07,2026-01-05T20:18:46+00:00,Chandigarh,netbanking,2926,511.65,0,,utilities
txn_0c16417250,cust_bdd89cf155,merch_3195323114,dev_e201f14d6f,ip_87bc138176,pmt_ca4153ae8e,807.23,2026-01-05T20:35:54+00:00,Lucknow,netbanking,243,1433.87,0,,grocery
txn_286e22ccc8,cust_3a5ed8aae6,merch_bcf79cde19,dev_11fb0c6b19,ip_245d289e8f,pmt_d0714afdbb,623.06,2026-01-05T20:47:22+00:00,Bengaluru,wallet,29,1128.23,0,,utilities
txn_b77a1f1847,cust_66f95db2ca,merch_4cfa6dbbd7,dev_1018b306af,ip_297de490b3,pmt_2cfdd119df,388.03,2026-01-05T20:51:44+00:00,Chennai,wallet,101,507.02,0,,travel
txn_b77539e5a1,cust_3a1c0b8041,merch_84cc6f6607,dev_618141a760,ip_a557ebf64a,pmt_153e4a8878,5318.10,2026-01-05T20:56:34+00:00,Pune,card,429,4753.79,0,,fuel
txn_3f9943d558,cust_b16522fb9a,merch_0018ded378,dev_0dc6c6ac74,ip_b6672a7566,pmt_cf7fd356eb,845.91,2026-01-05T20:57:32+00:00,Ahmedabad,wallet,414,821.70,0,,pharmacy
txn_e3bcd34036,cust_d723a18622,merch_93c07c678c,dev_2d686a8f18,ip_991e328e6b,pmt_afb0764500,1496.29,2026-01-05T21:08:42+00:00,Mumbai,wallet,867,1201.19,0,,grocery
txn_76ca456362,cust_86aa1e4c84,merch_72bd418f58,dev_3c33664579,ip_1d7e847a04,pmt_a11c29f0ef,1217.17,2026-01-05T21:10:34+00:00,Bengaluru,netbanking,901,1684.76,0,,electronics
txn_eecbb7f7df,cust_7035f051ce,merch_966aed08f2,dev_89610c3b32,ip_49b37197dc,pmt_19030255fb,595.44,2026-01-05T21:25:11+00:00,Hyderabad,wallet,344,813.30,0,,grocery
txn_0e507f06fa,cust_24326feafd,merch_023d4ac6fc,dev_026b140f15,ip_48f01aa060,pmt_9977051acd,806.08,2026-01-05T21:26:46+00:00,Kolkata,upi,470,1039.27,0,,pharmacy
txn_489b3d1d27,cust_46e09abc2e,merch_3c23fe8cfe,dev_7e56d14d31,ip_5a2d71ae39,pmt_b8a2e74e94,571.66,2026-01-05T21:27:16+00:00,Chandigarh,card,234,763.37,0,,fashion
txn_68a427103e,cust_2373718139,merch_a4649a3467,dev_d5fa412880,ip_420b771597,pmt_752ed76953,459.28,2026-01-05T21:46:11+00:00,Delhi,wallet,252,516.32,0,,fuel
txn_749a6d333c,cust_b704069370,merch_c042cba3a4,dev_5cda4bebc5,ip_e871cfa936,pmt_de5136a85d,3850.41,2026-01-05T21:56:32+00:00,Ahmedabad,wallet,485,3178.20,0,,grocery
txn_ff754ea725,cust_9970c08ba3,merch_55130e6276,dev_7461f05515,ip_515700414d,pmt_1d1ae2db61,241.58,2026-01-05T22:08:33+00:00,Bengaluru,card,76,204.28,0,,entertainment
txn_15a8918b17,cust_92bcbc37c2,merch_b074f09044,dev_51761af18a,ip_6298c851bf,pmt_23bbcf3d00,928.95,2026-01-05T22:10:17+00:00,Kochi,wallet,474,583.63,0,,fashion
txn_7f0de480bf,cust_2d67049a67,merch_38716f0aba,dev_269db74668,ip_2fe4ade4e2,pmt_af916043ef,579.09,2026-01-05T22:29:01+00:00,Chandigarh,upi,99,343.52,0,,food_delivery
txn_19c4d2b118,cust_8d795f4ca3,merch_12bc92e5d0,dev_b54a2c1fcb,ip_12e97c0739,pmt_b2be5f1ffc,428.95,2026-01-05T22:29:07+00:00,Lucknow,card,265,897.96,0,,fashion
txn_301efec025,cust_a1ec4c6cf3,merch_86cc286a56,dev_704e7b67f4,ip_115d296108,pmt_a114b5992d,250.48,2026-01-05T22:32:57+00:00,Mumbai,wallet,1030,147.05,0,,fashion
txn_b7bf5c4b13,cust_bc8089f5ca,merch_3195323114,dev_29e2e218d1,ip_81c0854011,pmt_ad99b6e7bd,1506.40,2026-01-05T22:44:11+00:00,Ahmedabad,upi,295,1615.40,0,,grocery
txn_e5aa8ac3bd,cust_80d9ed5bc5,merch_3195323114,dev_66cbce3884,ip_2ad91a7722,pmt_8f50211090,217.12,2026-01-05T22:50:08+00:00,Bengaluru,wallet,637,201.77,0,,grocery
txn_4e114f6a58,cust_a1f1a05ea1,merch_c974494c8b,dev_5c40710879,ip_6ac9813179,pmt_d95ebd2f5c,2805.93,2026-01-05T23:00:43+00:00,Pune,netbanking,178,2951.09,0,,electronics
txn_58989f67d3,cust_bce24b2e0b,merch_15dde57415,dev_0f147a1be5,ip_c52fab9434,pmt_87fb9f6fba,5432.65,2026-01-05T23:09:42+00:00,Bengaluru,upi,4,1174.05,0,,electronics
txn_add1e49855,cust_526b23660c,merch_4fce905382,dev_010c07f109,ip_8c57dc3b39,pmt_b82c6d939f,4129.79,2026-01-05T23:26:15+00:00,Pune,upi,1262,2159.58,0,,utilities
txn_154295df6f,cust_56a89621ff,merch_f82df4effe,dev_9bf93c16da,ip_8be34b25e1,pmt_73637f3daf,1399.94,2026-01-05T23:35:58+00:00,Mumbai,card,62,1386.65,0,,entertainment
txn_85a06a3176,cust_380fbdd2d5,merch_c2fb29e3be,dev_e575c57bf2,ip_78baf37b07,pmt_8458594d2e,6698.33,2026-01-05T23:41:24+00:00,Bengaluru,netbanking,375,1375.82,1,,jewelry
txn_adb17793d4,cust_210a59c5e2,merch_acb8176511,dev_09c37bd55e,ip_603c9640f8,pmt_aec1e41a75,502.14,2026-01-05T23:51:49+00:00,Hyderabad,card,492,413.52,0,,travel
txn_5ca3803709,cust_f30580f49c,merch_3423259716,dev_efaa2c8de0,ip_85de838254,pmt_2d78376947,299.97,2026-01-05T23:55:43+00:00,Ahmedabad,upi,149,456.70,0,,fashion
txn_0b70918b0c,cust_52974e95ab,merch_dec5f39188,dev_2bafb293c0,ip_eea3b04632,pmt_512e6ead3f,301.03,2026-01-06T00:16:52+00:00,Delhi,card,1106,814.87,0,,utilities
txn_ade081a5b8,cust_30fe59a36b,merch_55130e6276,dev_b86450d625,ip_4a2dd1bade,pmt_ae7cec46b3,563.67,2026-01-06T00:24:03+00:00,Bengaluru,card,64,590.36,0,,entertainment
txn_0780d5d503,cust_064289adcb,merch_dec5f39188,dev_124b70f3ac,ip_89bcd0445b,pmt_9183263e48,288.79,2026-01-06T00:29:56+00:00,Kochi,wallet,193,470.44,0,,utilities
txn_f32cad025c,cust_88e7cede51,merch_6836db54d7,dev_42343c6d2a,ip_9a260fdffb,pmt_fbbce9535a,251.04,2026-01-06T00:42:53+00:00,Chennai,netbanking,131,408.18,0,,fuel
txn_1451f8127a,cust_b41e551d83,merch_20e44d8ca7,dev_9bfdd1aa03,ip_77d801c05d,pmt_171645a957,344.76,2026-01-06T00:52:17+00:00,Chennai,card,96,201.05,0,,utilities
txn_c9a7ad8015,cust_5764d5e67c,merch_cd686e79ec,dev_ce1f347be0,ip_ed103debf9,pmt_d3de86e39e,934.47,2026-01-06T00:56:13+00:00,Hyderabad,upi,179,844.13,0,,entertainment
txn_85a2ae5423,cust_1f9c3f1ac9,merch_7b950a0080,dev_9feec8bb6c,ip_c706c4537b,pmt_48bdb8a963,2798.09,2026-01-06T00:57:13+00:00,Chandigarh,upi,287,3253.06,0,,food_delivery
txn_b295d178b5,cust_68b63afbdf,merch_c974494c8b,dev_059a4c32ad,ip_72f2bae0e4,pmt_8da24b5512,386.64,2026-01-06T01:06:36+00:00,Bengaluru,upi,155,670.98,0,,electronics
txn_493e6122e7,cust_f910098ea7,merch_dd847da09d,dev_0239fea4bb,ip_bc96ff5c82,pmt_11ae01d718,312.97,2026-01-06T01:11:31+00:00,Chandigarh,wallet,462,618.03,0,,food_delivery
txn_b61e5cdee0,cust_b624cdd969,merch_4fce905382,dev_98935383a4,ip_ca1330bd69,pmt_04b4a416f7,154.06,2026-01-06T01:23:35+00:00,Hyderabad,upi,138,369.40,0,,utilities
txn_0f95355ff5,cust_5ef1fb300d,merch_6836db54d7,dev_ddaeb9c204,ip_a20dc4746d,pmt_8ee6871a94,798.90,2026-01-06T01:31:31+00:00,Chandigarh,card,120,1074.94,0,,fuel
txn_b75c4b6236,cust_30b11a7dd9,merch_0018ded378,dev_028a816a87,ip_57ab9526fc,pmt_785a3558f0,1278.19,2026-01-06T01:33:17+00:00,Jaipur,card,883,684.19,0,,pharmacy
txn_f00c901adc,cust_f2f046a57c,merch_a10f564b80,dev_3e07d34f48,ip_d8f28c8923,pmt_d2de1cd560,832.63,2026-01-06T02:03:21+00:00,Kochi,card,164,697.35,0,,grocery
txn_1d3d2db335,cust_f85a9ee8d2,merch_affbcbf6fb,dev_b2417f9351,ip_60403a47d0,pmt_0736e1b5d9,760.83,2026-01-06T02:05:46+00:00,Jaipur,card,517,620.83,0,,travel
txn_3a24b1c85e,cust_555264cd1d,merch_b2b5b5932b,dev_cd4c30d7a1,ip_9394523c2e,pmt_642a96e5d5,171.76,2026-01-06T02:13:23+00:00,Pune,card,390,268.40,0,,travel
txn_ec43d4841a,cust_6a25c889c6,merch_73b110adea,dev_e18bb4b62a,ip_e914b9318e,pmt_767d2aed1f,475.59,2026-01-06T02:13:31+00:00,Ahmedabad,wallet,209,268.96,0,,grocery
txn_9c557eb312,cust_0cafee3482,merch_09a38eb2da,dev_7a733d5137,ip_06e48b902a,pmt_38ee92eb40,1486.93,2026-01-06T02:43:11+00:00,Lucknow,netbanking,419,1450.35,0,,travel
txn_60c2556af2,cust_bde2bb59ae,merch_9b8a3e2865,dev_a84e17b852,ip_cabfe89169,pmt_e9a7561605,188.16,2026-01-06T02:55:09+00:00,Kolkata,card,148,333.79,0,,entertainment
txn_5fc7ba2337,cust_6ac01b6591,merch_29b7c55611,dev_ac9c8ebc1e,ip_c021c7dea4,pmt_934ceddcc9,1849.36,2026-01-06T03:09:46+00:00,Kolkata,wallet,635,1360.61,0,,fuel
txn_beb12c152d,cust_b4d8777798,merch_0018ded378,dev_7a95de62c5,ip_93c2b1da00,pmt_1e0542ede6,435.05,2026-01-06T03:31:01+00:00,Kochi,card,197,909.96,0,,pharmacy
txn_b57f440f79,cust_1bc66f6bc8,merch_73b110adea,dev_57e8498184,ip_b9ab311005,pmt_9fddd9f843,178.61,2026-01-06T03:55:45+00:00,Chandigarh,card,1224,154.54,0,,grocery
txn_c19d8b069b,cust_be373dbd0b,merch_1a4e87dbaf,dev_7d49f53efc,ip_83631040c3,pmt_b978c9fe0e,1396.24,2026-01-06T03:55:48+00:00,Chennai,upi,12,1517.65,0,,jewelry
txn_96bfaee50c,cust_e0e7372d56,merch_7019fa8b8c,dev_9b2ae924ce,ip_c7a352b340,pmt_7698b37778,2016.38,2026-01-06T04:11:35+00:00,Bengaluru,netbanking,29,2230.74,0,,pharmacy
txn_de47693a26,cust_119e222158,merch_50552bde41,dev_f9a29b0d55,ip_b7505c5fc6,pmt_d49dd537a2,654.91,2026-01-06T04:32:03+00:00,Hyderabad,upi,111,774.40,0,,food_delivery
txn_a41ccd6025,cust_2e29e84d09,merch_e913595253,dev_bd3998ef33,ip_e599e8beec,pmt_b4cd1e07c6,402.44,2026-01-06T04:32:31+00:00,Pune,upi,743,647.27,0,,pharmacy
txn_094b4963af,cust_e40db0037e,merch_9a99f623f5,dev_93f4a8e50f,ip_3067a7f2bd,pmt_991bbe5803,2151.08,2026-01-06T04:35:34+00:00,Bengaluru,upi,704,1661.61,0,,jewelry
txn_82f0b11ff8,cust_4f850a3c6d,merch_5843fe5054,dev_e9de8b86dd,ip_98cf47d38f,pmt_0024e5c8f9,783.11,2026-01-06T04:38:44+00:00,Chandigarh,upi,692,1150.32,0,,grocery
txn_ff685ea69d,cust_fc9622768a,merch_4cfa6dbbd7,dev_c82301c3aa,ip_d58ad04dc7,pmt_2ee6098dcf,534.38,2026-01-06T04:52:12+00:00,Chandigarh,wallet,8,732.72,0,,travel
txn_b4d381f6bc,cust_77915f560d,merch_c042cba3a4,dev_ad32ada63a,ip_c29cdb9454,pmt_4ea7aaeb72,821.81,2026-01-06T04:59:00+00:00,Kochi,netbanking,506,377.42,0,,grocery
txn_8687493dcc,cust_992a7a09fd,merch_153644e3cb,dev_e5b4242138,ip_f6bb4b4232,pmt_f7138b95e4,579.66,2026-01-06T05:11:56+00:00,Bengaluru,upi,289,428.44,0,,travel
txn_63c1470de2,cust_4b020a2f05,merch_25dcc81629,dev_5022b735bd,ip_3aa412955b,pmt_4ceb858f0e,701.67,2026-01-06T05:14:11+00:00,Bengaluru,upi,316,590.70,0,,electronics
txn_19c25d180d,cust_cf905e0a38,merch_875a820e54,dev_e9ef156e2a,ip_357f86616d,pmt_3170c7bf47,548.81,2026-01-06T05:27:27+00:00,Ahmedabad,wallet,91,1061.91,0,,fashion
txn_72edb5cb18,cust_30463e6d0c,merch_c22268fdce,dev_dce79922e4,ip_138b23b3a0,pmt_2ccaeab427,280.98,2026-01-06T05:40:36+00:00,Jaipur,card,31,262.01,0,,utilities
txn_df0c220a62,cust_dc57e39ef9,merch_b588adf2cf,dev_f015197007,ip_b9d2a1ca09,pmt_34e24456d9,2862.43,2026-01-06T05:46:24+00:00,Chandigarh,wallet,47,1364.90,0,,fashion
txn_6e82752770,cust_70776ba11d,merch_00be0b6b49,dev_839182f90d,ip_ef61daf377,pmt_bd65c12676,293.36,2026-01-06T05:54:44+00:00,Delhi,netbanking,1030,428.40,0,,electronics
txn_4cb39848ae,cust_b9525d685b,merch_b074f09044,dev_2f06a250e5,ip_33476e1756,pmt_d0f9fb6fbf,268.24,2026-01-06T06:11:30+00:00,Pune,netbanking,532,389.22,0,,fashion
txn_d3a0eb7997,cust_1e0cc721e0,merch_12bc92e5d0,dev_e668c2eae3,ip_1437c6d678,pmt_c8517e1d92,75.45,2026-01-06T06:11:31+00:00,Ahmedabad,wallet,771,223.04,0,,fashion
txn_d9ff3ea547,cust_92a75cd321,merch_153644e3cb,dev_a9da82fc84,ip_1128931523,pmt_91c5f23df7,707.18,2026-01-06T06:26:53+00:00,Jaipur,wallet,770,674.54,0,,travel
txn_7487200b4f,cust_9cfd0786b1,merch_98e81e8358,dev_a6e5926490,ip_d2fb17c133,pmt_191fa58aa2,3202.04,2026-01-06T06:32:45+00:00,Chandigarh,card,367,1606.63,0,,jewelry
txn_2f225fdee0,cust_e156396928,merch_eb9d5ebaf4,dev_f54acbd48a,ip_0f75cfa4af,pmt_43fe465b5d,1390.43,2026-01-06T06:46:49+00:00,Kochi,card,600,1225.54,0,,electronics
txn_a0070802e9,cust_c06a6c87b3,merch_966aed08f2,dev_82c6364218,ip_60b3fcc21a,pmt_1376b5d971,143.58,2026-01-06T06:49:02+00:00,Delhi,netbanking,136,325.47,0,,grocery
txn_5d3bc95098,cust_cae61e19f8,merch_b074f09044,dev_e72aab5ec6,ip_66067173bb,pmt_05547f27be,3561.93,2026-01-06T06:49:13+00:00,Lucknow,netbanking,1180,541.29,1,,fashion
txn_0a91214a50,cust_3a2c574473,merch_db564f82de,dev_bd805d42c6,ip_8b51b050fc,pmt_f43656bdb8,1072.09,2026-01-06T06:50:43+00:00,Jaipur,card,207,590.57,0,,pharmacy
txn_d658846e66,cust_064289adcb,merch_bcf79cde19,dev_124b70f3ac,ip_89bcd0445b,pmt_9183263e48,755.30,2026-01-06T07:20:39+00:00,Kochi,wallet,193,470.44,0,,utilities
txn_20c8ee1be7,cust_888d0d6945,merch_6836db54d7,dev_39c685bc12,ip_bddb94aac6,pmt_c8a837e191,981.94,2026-01-06T07:33:14+00:00,Kolkata,netbanking,225,694.98,0,,fuel
txn_30d4c66b62,cust_155d33b44e,merch_74918e5372,dev_5899d2c14b,ip_f7eb1b8023,pmt_8f4912f6c3,2075.79,2026-01-06T07:35:19+00:00,Ahmedabad,wallet,77,2449.46,0,,fashion
txn_6a98f712af,cust_d8d90c34bc,merch_af480e66c1,dev_cebb9096c1,ip_0669fb7c3d,pmt_9f9fe8da99,383.64,2026-01-06T07:37:39+00:00,Ahmedabad,card,733,276.63,0,,fashion
txn_5b6ffe5009,cust_d8f234df8a,merch_20e44d8ca7,dev_446b30eea0,ip_1ed4da8e53,pmt_0a114e2150,5386.48,2026-01-06T07:41:29+00:00,Delhi,card,199,2846.08,0,,utilities
txn_ca2d47d768,cust_d6e6391673,merch_6f6cfb25aa,dev_76cc2ee8e3,ip_194644c4f6,pmt_b28f8716f3,221.20,2026-01-06T07:51:11+00:00,Pune,netbanking,1545,182.65,0,,entertainment
txn_d0ba95b10a,cust_7ac214eaeb,merch_86cc286a56,dev_131519fd0f,ip_3ca0069dbe,pmt_e330bf36fa,1053.47,2026-01-06T08:02:46+00:00,Chennai,card,295,913.34,0,,fashion
txn_4887684663,cust_a4d95f9479,merch_20e44d8ca7,dev_dba4d0ee37,ip_61c7cf8f33,pmt_07e449511a,1715.78,2026-01-06T08:28:06+00:00,Bengaluru,card,71,873.00,0,,utilities
txn_81ea05084b,cust_bf618a5740,merch_c2fb29e3be,dev_74bbf9b277,ip_1b82cbd332,pmt_8272cd4816,392.79,2026-01-06T08:28:19+00:00,Kochi,wallet,149,474.40,0,,jewelry
txn_5426cf650a,cust_5889433d78,merch_9b8a3e2865,dev_801b619bc8,ip_a376d2b714,pmt_d94b9519e8,1072.03,2026-01-06T08:34:08+00:00,Ahmedabad,card,44,753.19,0,,entertainment
txn_88f741f3b8,cust_63ce823b6f,merch_af480e66c1,dev_b7960fac3d,ip_5d6cb75562,pmt_f4c2331054,273.84,2026-01-06T08:42:55+00:00,Jaipur,upi,547,263.76,0,,fashion
txn_57165877b4,cust_dfc4e3ab79,merch_5d7550a442,dev_9a08f89837,ip_782331bb85,pmt_cfc303108f,475.26,2026-01-06T08:54:59+00:00,Chandigarh,card,783,393.27,0,,utilities
txn_ebf9a64a8e,cust_d7a55dd2c0,merch_c2fb29e3be,dev_f00456d08d,ip_83f178346d,pmt_9f729e460f,291.75,2026-01-06T09:02:01+00:00,Chennai,wallet,216,356.79,0,,jewelry
txn_1b31e96e12,cust_63ce823b6f,merch_630f80b667,dev_b7960fac3d,ip_8326a3ffe2,pmt_f4c2331054,498.05,2026-01-06T09:10:36+00:00,Hyderabad,upi,547,263.76,0,,electronics
txn_660dff6377,cust_11fee329ea,merch_3423259716,dev_e15fee3c76,ip_f09e7454cd,pmt_b669f8e149,342.99,2026-01-06T09:12:14+00:00,Hyderabad,wallet,447,695.68,0,,fashion
txn_c31ebf7c3e,cust_a48927effc,merch_8d74118aac,dev_2a77f0d089,ip_f390b525d5,pmt_908b2fedc1,933.91,2026-01-06T09:33:26+00:00,Kochi,wallet,105,684.61,0,,travel
txn_73a3c079c1,cust_e110ac8922,merch_1c7213e152,dev_16222ebc4c,ip_4a42276f27,pmt_0b77881723,454.42,2026-01-06T09:38:06+00:00,Ahmedabad,netbanking,3808,520.05,0,,grocery
txn_d3688db813,cust_9b13a026ff,merch_6f6cfb25aa,dev_55ee7ad1c2,ip_63395210a1,pmt_e49a9847b9,1061.46,2026-01-06T09:46:44+00:00,Bengaluru,netbanking,391,647.44,0,,entertainment
txn_33c9300a8e,cust_463438798a,merch_6836db54d7,dev_21d59739f0,ip_1256fd5abe,pmt_ed58bc6463,281.71,2026-01-06T09:54:58+00:00,Chennai,upi,569,557.04,0,,fuel
txn_992ba26df8,cust_05302b157b,merch_acb8176511,dev_63b67d93eb,ip_f915f151b9,pmt_d508c8d6fa,292.90,2026-01-06T09:56:47+00:00,Ahmedabad,netbanking,731,325.19,0,,travel
txn_26cbff3108,cust_565ecb5491,merch_b074f09044,dev_6604044e7d,ip_ec75a86a4b,pmt_977a7d2f2f,155.42,2026-01-06T09:59:27+00:00,Delhi,card,2,253.80,0,,fashion
txn_de69e337cc,cust_2c29d76822,merch_c042cba3a4,dev_31b3b914c4,ip_ef99adbb21,pmt_e72e042015,1122.38,2026-01-06T10:30:15+00:00,Delhi,card,1433,779.78,0,,grocery
txn_c921fdecdc,cust_bba28bdfac,merch_6836db54d7,dev_16368d4c9e,ip_5cdd0ffd83,pmt_fec675ded3,1276.31,2026-01-06T10:31:25+00:00,Delhi,wallet,95,893.49,0,,fuel
txn_92ea077a2a,cust_3c024597c1,merch_023d4ac6fc,dev_8d86ecfb29,ip_e9d3641139,pmt_24b77cd3bc,548.64,2026-01-06T10:45:30+00:00,Hyderabad,upi,303,464.26,0,,pharmacy
txn_f66f445439,cust_3a1c0b8041,merch_20e44d8ca7,dev_618141a760,ip_a557ebf64a,pmt_153e4a8878,28900.54,2026-01-06T10:48:51+00:00,Pune,netbanking,429,4753.79,1,,utilities
txn_3ce0c6643d,cust_9310d86a63,merch_db564f82de,dev_c8d44fad43,ip_9b6afb18f5,pmt_b4b3a286dd,1068.18,2026-01-06T11:00:46+00:00,Kolkata,wallet,235,1465.00,0,,pharmacy
txn_d9d9b0547f,cust_30a9346184,merch_affbcbf6fb,dev_445fe59192,ip_fd95e710d7,pmt_e6ac4806c4,542.40,2026-01-06T11:07:13+00:00,Bengaluru,upi,127,607.28,0,,travel
txn_b9f8a3fac1,cust_3206f54be8,merch_13c4d99849,dev_ac8edc6ed3,ip_038bade90e,pmt_f87149e17d,1323.09,2026-01-06T11:42:52+00:00,Pune,upi,1401,783.69,0,,fashion
txn_81ca76ec91,cust_7114aedd0e,merch_86cc286a56,dev_c9ce567c96,ip_9ec2362030,pmt_8c89130086,725.38,2026-01-06T11:55:26+00:00,Chandigarh,wallet,430,766.58,0,,fashion
txn_337d532468,cust_0fddcefe7c,merch_993b9e2f43,dev_3eda2250f5,ip_8869722438,pmt_e05e753e63,1549.84,2026-01-06T12:02:13+00:00,Kochi,wallet,348,1851.31,0,,utilities
txn_2e65d703c5,cust_0c6afc780a,merch_0e78f7bcdf,dev_a8a52e8f6d,ip_fd8c4c0b53,pmt_372d8a6103,1581.33,2026-01-06T12:16:34+00:00,Chennai,wallet,1273,2722.41,0,,fashion
txn_83383fdc93,cust_468686fb00,merch_6836db54d7,dev_5616cfaeaa,ip_299ce99f07,pmt_bfa13da5c3,550.71,2026-01-06T12:32:36+00:00,Ahmedabad,upi,163,761.05,0,,fuel
txn_9f490b5628,cust_dd43c3ce9b,merch_29b7c55611,dev_7e22112d7b,ip_14fc930c51,pmt_8fed849967,417.79,2026-01-06T12:40:56+00:00,Mumbai,wallet,601,370.78,0,,fuel
txn_df2ee50f10,cust_cb02b36eb8,merch_3b043d592f,dev_8fa93608be,ip_96fec464d6,pmt_f7086ad100,556.72,2026-01-06T12:42:07+00:00,Mumbai,upi,149,447.33,0,,fuel
txn_434ff5bfa2,cust_5764d5e67c,merch_dc3f7ac002,dev_ce1f347be0,ip_ed103debf9,pmt_d3de86e39e,1556.74,2026-01-06T12:44:24+00:00,Hyderabad,upi,179,844.13,0,,entertainment
txn_db71ac30f3,cust_5889433d78,merch_affbcbf6fb,dev_801b619bc8,ip_a4a53f8edb,pmt_d94b9519e8,1039.04,2026-01-06T12:44:47+00:00,Ahmedabad,card,44,753.19,0,,travel
txn_4fb53c58bc,cust_85f2b402e4,merch_4096571ef3,dev_4cffca0d06,ip_dc4ab79938,pmt_7398f10cb9,220.95,2026-01-06T13:11:12+00:00,Hyderabad,upi,11,605.58,0,,entertainment
txn_fc6d0c4391,cust_758a150604,merch_b074f09044,dev_328f56f357,ip_5dd7af9172,pmt_b68dfa2aeb,458.28,2026-01-06T13:37:15+00:00,Kolkata,upi,237,487.41,0,,fashion
txn_048ec09068,cust_8c39a01e33,merch_630f80b667,dev_03346aaca3,ip_ff173fe25b,pmt_1ffebaead9,1876.22,2026-01-06T13:39:29+00:00,Lucknow,upi,364,1053.39,0,,electronics
txn_d4c752de40,cust_c912f1797f,merch_400d8b41e8,dev_f9ecc81d47,ip_614f67dad9,pmt_0786e37965,425.45,2026-01-06T13:45:04+00:00,Chennai,upi,344,382.61,0,,jewelry
txn_f2568d7add,cust_5ab7b9e9e3,merch_72bd418f58,dev_eb782b6da1,ip_6e16137b93,pmt_2b3747687f,1049.43,2026-01-06T13:52:52+00:00,Bengaluru,wallet,169,1246.97,0,,electronics
txn_b877c0d6b1,cust_6a74cd5bc3,merch_3b8ab97346,dev_69a09f9721,ip_d94a302280,pmt_f6a6afa763,673.71,2026-01-06T13:53:22+00:00,Chandigarh,upi,105,377.52,0,,entertainment
txn_ae2a9663de,cust_59af1651d5,merch_5fef0ffeb1,dev_0dd0bd3689,ip_75e1684901,pmt_ee5150dc0b,1116.16,2026-01-06T13:55:14+00:00,Chennai,card,299,1086.75,0,,utilities
txn_c188d3752b,cust_f494865bbd,merch_f810bf5b6d,dev_aa87359592,ip_b0a5a2a71c,pmt_f2db5d9cdd,350.15,2026-01-06T14:30:15+00:00,Pune,netbanking,113,625.14,0,,food_delivery
txn_62d614e3e4,cust_3eaf83ebe6,merch_6b13b81417,dev_4f39cbd9ec,ip_f8ec972d50,pmt_adbf8aa247,307.79,2026-01-06T14:31:52+00:00,Jaipur,wallet,69,394.54,0,,jewelry
txn_ef2f3de5f7,cust_888d0d6945,merch_5d7550a442,dev_39c685bc12,ip_1cc18bfab3,pmt_c8a837e191,787.73,2026-01-06T14:34:02+00:00,Kolkata,netbanking,225,694.98,0,,utilities
txn_37aaf944dd,cust_d8d90c34bc,merch_13c4d99849,dev_cebb9096c1,ip_0669fb7c3d,pmt_9f9fe8da99,393.65,2026-01-06T14:42:32+00:00,Ahmedabad,card,733,276.63,0,,fashion
txn_a56a6ddbdf,cust_f85a9ee8d2,merch_d651e12a02,dev_b2417f9351,ip_60403a47d0,pmt_0736e1b5d9,810.44,2026-01-06T15:01:38+00:00,Jaipur,card,517,620.83,0,,fashion
txn_ce1d2d412b,cust_d6bfe78227,merch_08cb85e737,dev_f0c337cdfc,ip_8e9910e123,pmt_7af82c6a25,599.44,2026-01-06T15:05:30+00:00,Bengaluru,wallet,1436,728.21,0,,electronics
txn_188b2ac7dd,cust_443b0f731c,merch_acb8176511,dev_5ce2f5fe25,ip_b98ed7fc10,pmt_a3fd311697,313.96,2026-01-06T15:23:51+00:00,Lucknow,wallet,516,311.30,0,,travel
txn_401e1b24cf,cust_6292423298,merch_b87aa58f30,dev_7c1b5781e1,ip_f323dcb49b,pmt_f4e8946b1d,1031.15,2026-01-06T15:24:23+00:00,Lucknow,wallet,311,1315.18,0,,jewelry
txn_73ff135a8f,cust_930a4d6f39,merch_816e30245a,dev_679688db73,ip_3c7cc26dfa,pmt_4af5775405,686.47,2026-01-06T15:28:49+00:00,Chandigarh,netbanking,31,621.35,0,,utilities
txn_8020d1b0d9,cust_d9ca35dd1e,merch_f944312123,dev_68239e1a43,ip_ab86d3249f,pmt_69b76d6f54,1214.77,2026-01-06T15:35:19+00:00,Lucknow,card,1037,689.38,0,,fuel
txn_686f82354f,cust_17156fd70f,merch_8d74118aac,dev_d8ed1e76fa,ip_96323d8961,pmt_b827b7db1a,268.26,2026-01-06T15:41:57+00:00,Hyderabad,upi,195,320.82,0,,travel
txn_b56735006f,cust_a43e359370,merch_50552bde41,dev_db9bae63b4,ip_23e3a94e07,pmt_7cbdd59eec,1480.86,2026-01-06T15:53:09+00:00,Chennai,card,237,1023.42,0,,food_delivery
txn_dfdcf35313,cust_c6d8300bfe,merch_15dde57415,dev_c566826e6c,ip_c99c4ccad2,pmt_a190fcec0d,1154.71,2026-01-06T15:55:55+00:00,Bengaluru,wallet,1151,1138.11,0,,electronics
txn_05cad8db8c,cust_6b91f7ce7b,merch_4cfa6dbbd7,dev_d476a42eb5,ip_9117a068fb,pmt_1974c0dc00,1162.86,2026-01-06T16:15:38+00:00,Hyderabad,card,154,716.93,0,,travel
txn_ea38fe9978,cust_7d1eeae350,merch_af480e66c1,dev_9c0147d48b,ip_f933c5dafc,pmt_628033de7c,1231.22,2026-01-06T16:32:18+00:00,Chennai,upi,316,1197.15,0,,fashion
txn_08d5452fc8,cust_ff7c53a336,merch_e913595253,dev_c95ab3ad57,ip_b35dd29a3f,pmt_e80ce836cb,328.40,2026-01-06T16:41:18+00:00,Jaipur,upi,11,427.40,0,,pharmacy
txn_1586363024,cust_5302cd928f,merch_0018ded378,dev_a62a133d2c,ip_e9c0cfd14b,pmt_bd8f6f1610,808.70,2026-01-06T16:45:43+00:00,Kolkata,card,285,505.15,0,,pharmacy
txn_183ccc071d,cust_84cf75b81c,merch_a4649a3467,dev_26f8beb0a1,ip_bf330cff87,pmt_8783dbe08a,460.26,2026-01-06T16:47:30+00:00,Hyderabad,wallet,574,939.55,0,,fuel
txn_5119d24845,cust_1a2d177d24,merch_c22268fdce,dev_e2a0bd8681,ip_5c8d8bc53c,pmt_11cc2507d7,219.53,2026-01-06T17:15:25+00:00,Bengaluru,card,586,334.51,0,,utilities
txn_f54de6709a,cust_fdcec05424,merch_29b7c55611,dev_85a5110b32,ip_2a4739fc19,pmt_8f98a83fd0,1139.64,2026-01-06T17:17:42+00:00,Delhi,netbanking,173,530.18,0,,fuel
txn_6b23b11fc8,cust_c5489a56d3,merch_3195323114,dev_fb15fb888f,ip_6fe8a81519,pmt_7c2d2a5dac,1351.85,2026-01-06T18:23:19+00:00,Kolkata,card,230,466.30,0,,grocery
txn_69265ba79c,cust_ad754c4df8,merch_cf45f9a363,dev_694379ea6b,ip_f32d2d1215,pmt_7e2106cea9,454.47,2026-01-06T18:33:51+00:00,Chandigarh,card,748,546.47,0,,travel
txn_eaa31aad2a,cust_d740d46e2e,merch_0018ded378,dev_a9c6b8bab2,ip_d1e1be7f02,pmt_2ee459ef9e,776.34,2026-01-06T18:41:40+00:00,Chandigarh,upi,80,842.44,0,,pharmacy
txn_597fcbb557,cust_07f36e10e6,merch_8d74118aac,dev_79174790e9,ip_3b4772b42d,pmt_ab6ab9b0b8,1049.87,2026-01-06T18:45:13+00:00,Ahmedabad,netbanking,61,1435.73,0,,travel
txn_4c88011eb8,cust_7030edbbe7,merch_3423259716,dev_23cf2a663d,ip_033f7ff40d,pmt_0bcc3b4cf5,1505.31,2026-01-06T18:52:00+00:00,Delhi,card,175,1258.73,0,,fashion
txn_f77f2aea76,cust_6e86b6ade5,merch_b588adf2cf,dev_5d4bd7f5a3,ip_dd0aa336db,pmt_fd879f9991,525.31,2026-01-06T18:55:08+00:00,Ahmedabad,upi,189,537.28,0,,fashion
txn_34d7a1338e,cust_36a175db16,merch_5d7550a442,dev_3d9e9bdb97,ip_2fc3d07c40,pmt_5f9a2faa16,697.18,2026-01-06T18:59:15+00:00,Ahmedabad,upi,85,523.48,0,,utilities
txn_26a7ff7154,cust_2c5e4c4602,merch_f944312123,dev_d18ce17e13,ip_b9d09673ef,pmt_ac361171be,237.61,2026-01-06T18:59:33+00:00,Bengaluru,wallet,224,313.46,0,,fuel
txn_1a931514f3,cust_615913a635,merch_d5b415c871,dev_39aa943c18,ip_e136e08276,pmt_5ca0dfb3b0,520.39,2026-01-06T19:04:51+00:00,Bengaluru,upi,266,1044.39,0,,pharmacy
txn_913470416a,cust_d5bdec73f9,merch_d5b415c871,dev_6b0316256e,ip_57080a54b9,pmt_cc9f869171,1502.89,2026-01-06T19:22:59+00:00,Ahmedabad,card,255,1008.56,0,,pharmacy
txn_15fd26168e,cust_2134aff36c,merch_68ce248b11,dev_460fa606e3,ip_cac44dfde2,pmt_fef70bc89d,1486.88,2026-01-06T19:23:25+00:00,Kolkata,card,160,1401.11,0,,grocery
txn_809a42234e,cust_5936be5acc,merch_cac8d54855,dev_96f0dd1f37,ip_b042bd8f83,pmt_edf6b30952,422.67,2026-01-06T19:24:29+00:00,Kochi,netbanking,260,535.76,0,,utilities
txn_f5d1724864,cust_180aa526fc,merch_cd686e79ec,dev_a71318ef84,ip_bda75a2ae3,pmt_b244e3abd3,582.24,2026-01-06T19:29:53+00:00,Kolkata,wallet,30,673.36,0,,entertainment
txn_282cc49343,cust_b624cdd969,merch_bcf79cde19,dev_98935383a4,ip_ca1330bd69,pmt_04b4a416f7,318.62,2026-01-06T19:47:00+00:00,Hyderabad,upi,138,369.40,0,,utilities
txn_b5edce0e90,cust_aca4f53a88,merch_dc3f7ac002,dev_a60d9445aa,ip_caad9227e1,pmt_1ddf20bcb5,2509.29,2026-01-06T19:50:21+00:00,Bengaluru,wallet,625,2759.03,0,,entertainment
txn_7006546a64,cust_b7a9312966,merch_c042cba3a4,dev_6937615019,ip_9a17174854,pmt_b28ef5ed0e,622.71,2026-01-06T19:57:29+00:00,Hyderabad,wallet,183,848.44,0,,grocery
txn_b9f307123a,cust_44f593dbc4,merch_c2fb29e3be,dev_77a8af6715,ip_2bb6ad99a0,pmt_4507f6fd67,2387.60,2026-01-06T20:00:04+00:00,Bengaluru,wallet,12,1940.15,0,,jewelry
txn_7a16044360,cust_f780e57f44,merch_50552bde41,dev_bd7b9a1c2c,ip_475ff88f56,pmt_6b131e7c01,908.93,2026-01-06T20:05:42+00:00,Chandigarh,wallet,1100,1134.61,0,,food_delivery
txn_8e31db8de1,cust_56881e1ca4,merch_2a53c49e2e,dev_17e24f0d82,ip_918f8dd15b,pmt_8e8973cd06,1773.18,2026-01-06T20:05:58+00:00,Kochi,upi,338,778.21,0,,entertainment
txn_873ebb7122,cust_7bd8c2cc5a,merch_9e610a3b92,dev_06a1b83f9a,ip_c9369d0ef1,pmt_de8c5b2309,7709.21,2026-01-06T20:10:16+00:00,Hyderabad,wallet,847,4615.64,0,,fuel
txn_72816d9527,cust_cd534dd392,merch_c22268fdce,dev_57de8d2c84,ip_aeafc187d9,pmt_d74ce4063a,1116.71,2026-01-06T20:11:11+00:00,Delhi,netbanking,459,1799.27,0,,utilities
txn_97597e06bb,cust_75c28c8411,merch_5fef0ffeb1,dev_231bea17fa,ip_522f92dd8f,pmt_07334fc201,463.17,2026-01-06T20:22:06+00:00,Lucknow,card,2173,326.72,0,,utilities
txn_5a752aaf8c,cust_1ad317b8fc,merch_a10f564b80,dev_79e4be43ce,ip_0dfec5d783,pmt_dbf0421259,492.39,2026-01-06T20:48:25+00:00,Hyderabad,upi,462,596.96,0,,grocery
txn_56a0f8889a,cust_f7237184ad,merch_149267c045,dev_87b34de38b,ip_a4d57aaad5,pmt_e839c3544c,425.94,2026-01-06T20:59:35+00:00,Jaipur,card,49,546.88,0,,travel
txn_e1cd402895,cust_d6e6391673,merch_0018ded378,dev_76cc2ee8e3,ip_194644c4f6,pmt_b28f8716f3,93.19,2026-01-06T21:08:31+00:00,Pune,netbanking,1545,182.65,0,,pharmacy
txn_332c37ac00,cust_dc4ee00869,merch_dd847da09d,dev_d0aebaef0c,ip_01ba281e05,pmt_93f625cb77,311.60,2026-01-06T21:23:14+00:00,Lucknow,netbanking,24,514.00,0,,food_delivery
txn_1cd85f4584,cust_c0a92690a8,merch_68ce248b11,dev_ad3d4ce0db,ip_e397d5079c,pmt_aa452c26a7,4835.27,2026-01-06T21:32:12+00:00,Delhi,card,289,2221.60,0,,grocery
txn_c2dc619b25,cust_7114aedd0e,merch_dd847da09d,dev_c9ce567c96,ip_7a5d9da745,pmt_8c89130086,832.04,2026-01-06T21:39:23+00:00,Chandigarh,upi,430,766.58,0,,food_delivery
txn_4393015997,cust_a5d90c45ab,merch_72bd418f58,dev_b420bf78bb,ip_73ed34227c,pmt_24feaaa977,1171.48,2026-01-06T21:51:48+00:00,Bengaluru,upi,100,1840.58,0,,electronics
txn_da8a620948,cust_f8c525f31e,merch_993b9e2f43,dev_c0b9951c3f,ip_4f3a358656,pmt_38477f14ae,1053.98,2026-01-06T21:54:01+00:00,Ahmedabad,card,19,1186.17,0,,utilities
txn_7521418356,cust_18dc4099d2,merch_4cfa6dbbd7,dev_8a332c0268,ip_5ea2c7e888,pmt_c9c4694260,711.68,2026-01-06T21:57:00+00:00,Ahmedabad,card,846,832.75,0,,travel
txn_d55114eda0,cust_d80b1293bb,merch_875a820e54,dev_d8c0c8ebcb,ip_144ea4db28,pmt_cc406b3d90,625.45,2026-01-06T21:58:53+00:00,Lucknow,upi,263,350.05,0,,fashion
txn_0040904ac4,cust_f8c525f31e,merch_b588adf2cf,dev_c0b9951c3f,ip_4f3a358656,pmt_38477f14ae,1273.73,2026-01-06T21:59:48+00:00,Ahmedabad,card,19,1186.17,0,,fashion
txn_93e72d9919,cust_4f46fb8963,merch_5843fe5054,dev_19b0c249c5,ip_d8ef5cf33c,pmt_04b1388614,562.76,2026-01-06T22:06:18+00:00,Lucknow,netbanking,81,629.04,0,,grocery
txn_46e32df32e,cust_c0f90d5d0f,merch_dec5f39188,dev_6683c99aba,ip_095c24047e,pmt_ff1c2d69f8,170.00,2026-01-06T22:06:27+00:00,Jaipur,wallet,827,158.36,0,,utilities
txn_41e39c8468,cust_711305dcd2,merch_153644e3cb,dev_5453e2e357,ip_4596ff2324,pmt_e0835cffe7,1097.72,2026-01-06T22:20:22+00:00,Jaipur,upi,163,876.53,0,,travel
txn_6bed3b71ae,cust_0439b8d6e8,merch_879f14a7e3,dev_2fa0a2c3b5,ip_982d8af6ae,pmt_0c7b758ac6,820.23,2026-01-06T22:24:16+00:00,Kolkata,wallet,893,868.34,0,,grocery
txn_8b0b5a8e61,cust_3147f303dc,merch_993b9e2f43,dev_d77748605a,ip_d9494d5ee6,pmt_c60d1eb2b6,634.42,2026-01-06T22:41:25+00:00,Chennai,netbanking,499,481.18,0,,utilities
txn_71b791a531,cust_d44419915a,merch_a10f564b80,dev_f292ec2ad8,ip_10bfb6fd1c,pmt_e6bbf8d887,244.30,2026-01-06T22:55:28+00:00,Chennai,upi,67,250.04,0,,grocery
txn_b3af1814de,cust_a1f1a05ea1,merch_76949dba68,dev_2b152b2e0d,ip_6ac9813179,pmt_9e0073ba7f,2320.76,2026-01-06T22:59:35+00:00,Pune,netbanking,178,2951.09,0,,entertainment
txn_4e35caeb0b,cust_0187d25c93,merch_48ebb81d43,dev_fb70d76c01,ip_de2c78b29b,pmt_031eb8f9d5,1033.98,2026-01-06T23:08:47+00:00,Kochi,netbanking,359,217.32,1,,pharmacy
txn_05a0608606,cust_930b08d0e8,merch_53c044e34e,dev_5b3333b43e,ip_abb732e116,pmt_3bc4592da8,1009.96,2026-01-06T23:32:51+00:00,Bengaluru,card,79,801.01,0,,entertainment
txn_5f515f6402,cust_227b07d04d,merch_dec5f39188,dev_b5a5553035,ip_b7e953628c,pmt_dfe7e629d9,832.60,2026-01-06T23:34:50+00:00,Kolkata,upi,692,564.19,0,,utilities
txn_839baf87e9,cust_266e56e106,merch_218961bd9d,dev_2484bb36f5,ip_830e71a4f2,pmt_71e99ab2e8,509.05,2026-01-06T23:39:13+00:00,Jaipur,netbanking,5,296.61,0,,grocery
txn_ad0c6ffeff,cust_8da6512b2e,merch_53c044e34e,dev_c3f0ac0eb7,ip_4fe19bd983,pmt_77f3bdcadc,269.36,2026-01-06T23:47:07+00:00,Ahmedabad,card,375,503.79,0,,entertainment
txn_5dafa2ed4f,cust_b66e9edc7a,merch_966aed08f2,dev_df1c153eb5,ip_d2877165ae,pmt_e9c49883af,255.68,2026-01-06T23:59:05+00:00,Ahmedabad,card,182,444.17,0,,grocery
txn_9f12ff18f8,cust_95a83a24c2,merch_b074f09044,dev_0704bae573,ip_329d2dd7f3,pmt_3ba76b047d,661.94,2026-01-07T00:22:35+00:00,Bengaluru,wallet,508,381.93,0,,fashion
txn_f134a551f0,cust_70069466e0,merch_09a38eb2da,dev_726a8aa0aa,ip_3a4d37e8de,pmt_7282fc9bb5,1181.72,2026-01-07T00:22:57+00:00,Chandigarh,wallet,515,1004.35,0,,travel
txn_5efd7784d4,cust_4f08c8b26b,merch_f944312123,dev_6274ffcb6c,ip_dd8a39fb1c,pmt_6bf6b996fc,315.69,2026-01-07T00:24:01+00:00,Bengaluru,wallet,175,621.01,0,,fuel
txn_c80767e4de,cust_9889ae171e,merch_9bfdc3e901,dev_971710f325,ip_4af69145ca,pmt_5f7d9f2ae5,5730.10,2026-01-07T00:28:52+00:00,Hyderabad,netbanking,428,742.53,1,,grocery
txn_d4ac515af9,cust_b28b5d086d,merch_f82df4effe,dev_ac6992ada3,ip_c9a227ed0a,pmt_f758fe4992,839.31,2026-01-07T00:50:49+00:00,Kochi,upi,22,1056.76,0,,entertainment
txn_b706bff85e,cust_42f5a10d6f,merch_53c044e34e,dev_2ec9ceb86a,ip_f22cdf3698,pmt_8c2e269b1c,974.27,2026-01-07T00:53:17+00:00,Hyderabad,netbanking,252,795.96,0,,entertainment
txn_4aad705ddf,cust_d700b5a7d7,merch_c22268fdce,dev_0d2aa5cfd2,ip_b98adb1f44,pmt_2eabe2cbf2,756.92,2026-01-07T00:55:30+00:00,Pune,netbanking,683,576.60,0,,utilities
txn_10699f8122,cust_314eb53988,merch_c974494c8b,dev_11341bc828,ip_73000f925b,pmt_ab121abd12,477.30,2026-01-07T00:55:44+00:00,Jaipur,card,281,252.67,0,,electronics
txn_4551fd2628,cust_e398a86f75,merch_400d8b41e8,dev_7688f1dab1,ip_e0648ce975,pmt_3cbc899221,280.64,2026-01-07T01:14:15+00:00,Kochi,card,465,201.55,0,,jewelry
txn_f19543ee52,cust_5531362063,merch_cd686e79ec,dev_c485ab8f1a,ip_6dce999b6b,pmt_ec0bfbeea2,1159.97,2026-01-07T01:20:38+00:00,Delhi,netbanking,458,668.87,0,,entertainment
txn_6cb149f2a3,cust_0d931b4f7b,merch_68ce248b11,dev_e4796966e2,ip_18c1e21dc5,pmt_9a262a3720,2352.15,2026-01-07T01:28:24+00:00,Chennai,wallet,214,1756.18,0,,grocery
txn_3020fe6fb7,cust_ffbf9e3391,merch_b588adf2cf,dev_edbe5915ab,ip_7df1605b13,pmt_e35c8dbc8f,161.11,2026-01-07T01:39:49+00:00,Bengaluru,upi,756,294.31,0,,fashion
txn_10b26ba851,cust_c0a92690a8,merch_20e44d8ca7,dev_ad3d4ce0db,ip_e397d5079c,pmt_aa452c26a7,2076.99,2026-01-07T01:45:02+00:00,Delhi,card,289,2221.60,0,,utilities
txn_e0358d422c,cust_adf1ba9a97,merch_3423259716,dev_d5a266eeff,ip_fbac69f3e8,pmt_13a1adf9ed,289.17,2026-01-07T01:49:53+00:00,Hyderabad,netbanking,298,188.29,0,,fashion
txn_577db77277,cust_0d9acf3f74,merch_dd847da09d,dev_e45e19cce9,ip_89b470c710,pmt_570c82ab67,778.26,2026-01-07T01:58:53+00:00,Mumbai,netbanking,343,407.10,0,,food_delivery
txn_e437e9a7aa,cust_a386f1b7b4,merch_816e30245a,dev_b100581ae5,ip_fc81f7f425,pmt_f6bd93ba18,884.43,2026-01-07T02:03:54+00:00,Hyderabad,card,7,934.10,0,,utilities
txn_bacb7d5d2d,cust_0c309e72cb,merch_50552bde41,dev_50563659f5,ip_ff217c5a4b,pmt_562aafb355,1464.92,2026-01-07T02:30:59+00:00,Ahmedabad,card,76,1834.53,0,,food_delivery
txn_02f6d6a182,cust_06f5d4fae9,merch_73b110adea,dev_2eb10eab78,ip_0e23c6a1dd,pmt_69f6bea9c5,765.16,2026-01-07T02:39:31+00:00,Pune,upi,104,1043.49,0,,grocery
txn_65ef19766c,cust_b94f22e71f,merch_dd847da09d,dev_b3d79c8597,ip_031666d481,pmt_15b3f3fbe0,1623.76,2026-01-07T02:41:42+00:00,Bengaluru,netbanking,300,1427.19,0,,food_delivery
txn_ec0ef9dfd0,cust_b1a20ad175,merch_3b8ab97346,dev_bdab844899,ip_97453cfbab,pmt_55a804ccae,623.66,2026-01-07T03:00:15+00:00,Hyderabad,card,150,686.94,0,,entertainment
txn_8cecc7b018,cust_40f04feb82,merch_af480e66c1,dev_92faa43c98,ip_09f9784d07,pmt_85576f3142,1399.15,2026-01-07T03:08:05+00:00,Kochi,card,361,1154.29,0,,fashion
txn_f4065af255,cust_a0ee1dbe2a,merch_f810bf5b6d,dev_df8b76f609,ip_d1912bded6,pmt_493134cda2,251.63,2026-01-07T03:10:44+00:00,Lucknow,card,122,241.54,0,,food_delivery
txn_56fb542115,cust_7df8f39915,merch_dec5f39188,dev_811b114d25,ip_255ba9cfd5,pmt_9966663460,616.73,2026-01-07T03:11:29+00:00,Pune,wallet,257,529.54,0,,utilities
txn_3be040f0be,cust_dc42fd5091,merch_400d8b41e8,dev_e49de221c3,ip_966e85bfbf,pmt_8a5c605d81,1031.10,2026-01-07T03:25:56+00:00,Jaipur,upi,467,1000.10,0,,jewelry
txn_dd5e39ac2a,cust_f7cdc3716b,merch_98e81e8358,dev_ab0d73ca5d,ip_c4dd59b652,pmt_15c8fef8a5,1023.26,2026-01-07T03:45:03+00:00,Mumbai,wallet,32,1148.15,0,,jewelry
txn_6b9e10d18d,cust_8c544d7c6c,merch_08cb85e737,dev_1bdffb7849,ip_5e6778e397,pmt_3c76685bde,357.40,2026-01-07T04:23:23+00:00,Chennai,upi,287,459.48,0,,electronics
txn_484f042499,cust_7114aedd0e,merch_b87aa58f30,dev_c9ce567c96,ip_7a5d9da745,pmt_8c89130086,623.39,2026-01-07T04:39:39+00:00,Chandigarh,wallet,430,766.58,0,,jewelry
txn_5492870183,cust_c8751ebd9d,merch_0018ded378,dev_ddc65a9fc8,ip_812dcca02e,pmt_84fa3eb07d,1260.37,2026-01-07T04:40:06+00:00,Chandigarh,netbanking,220,1118.14,0,,pharmacy
txn_866025b960,cust_72a77a0b5b,merch_72bd418f58,dev_f724134068,ip_747e91b6c5,pmt_e3046c1d1d,482.65,2026-01-07T04:48:26+00:00,Hyderabad,wallet,144,672.69,0,,electronics
txn_22dda07e83,cust_9546298c55,merch_3b8ab97346,dev_df30903888,ip_db3818725f,pmt_9343e05a91,1052.02,2026-01-07T04:50:33+00:00,Kochi,card,109,807.36,0,,entertainment
